image_name,local_path,url,category
1.jpg,dataset_images\1.jpg,https://torob.com/p/aeca1a8b-02dd-4e58-a51f-800987950671/%D8%B5%D9%86%D8%AF%D9%84-%D8%B2%D9%86%D8%A7%D9%86%D9%87-%D9%85%D8%B1%D8%A7%DA%A9%D8%B4%DB%8C-%DA%A9%D8%AF-y16-%D8%B3%D8%A7%DB%8C%D8%B2-38-%D8%AA%D8%A7-40-%D8%B1%D9%86%DA%AF-%D9%85%D8%B4%DA%A9%DB%8C-%D9%88-%DA%A9%D8%B1%D9%85-%D9%82%D9%87%D9%88%D9%87-%D8%A7%DB%8C/,person
10.jpg,dataset_images\10.jpg,https://torob.com/p/25e1c456-21a0-4974-a737-43a572d4226d/%D9%84%D8%A8%D8%A7%D8%B3-%D8%B3%D8%A7%D8%AD%D9%84%DB%8C-%DA%86%D8%A7%D9%BE%DB%8C/,vase
10.jpg,dataset_images\10.jpg,https://torob.com/p/25e1c456-21a0-4974-a737-43a572d4226d/%D9%84%D8%A8%D8%A7%D8%B3-%D8%B3%D8%A7%D8%AD%D9%84%DB%8C-%DA%86%D8%A7%D9%BE%DB%8C/,person
10.jpg,dataset_images\10.jpg,https://torob.com/p/25e1c456-21a0-4974-a737-43a572d4226d/%D9%84%D8%A8%D8%A7%D8%B3-%D8%B3%D8%A7%D8%AD%D9%84%DB%8C-%DA%86%D8%A7%D9%BE%DB%8C/,chair
10.jpg,dataset_images\10.jpg,https://torob.com/p/25e1c456-21a0-4974-a737-43a572d4226d/%D9%84%D8%A8%D8%A7%D8%B3-%D8%B3%D8%A7%D8%AD%D9%84%DB%8C-%DA%86%D8%A7%D9%BE%DB%8C/,potted plant
10.jpg,dataset_images\10.jpg,https://torob.com/p/25e1c456-21a0-4974-a737-43a572d4226d/%D9%84%D8%A8%D8%A7%D8%B3-%D8%B3%D8%A7%D8%AD%D9%84%DB%8C-%DA%86%D8%A7%D9%BE%DB%8C/,cell phone
100.jpg,dataset_images\100.jpg,https://torob.com/p/2621a316-3239-45e9-afbf-33ffda7eebc4/%D8%B4%D8%A7%D9%85%D9%BE%D9%88-%D8%A8%D8%AF%D9%86-%DA%A9%D8%B1%D9%85%DB%8C-%D9%84%D9%BE%DB%8C%D9%88%D8%B1-%D9%85%D8%AF%D9%84-%D9%BE%D8%A7%D9%BE%D8%A7%DB%8C%D8%A7-%D8%AD%D8%AC%D9%85-414-%D9%85%DB%8C%D9%84%DB%8C-%D9%84%DB%8C%D8%AA%D8%B1/,unknown
101.jpg,dataset_images\101.jpg,https://torob.com/p/414e21d3-b39d-4b91-9241-2aceb020dea1/%D8%AF%D8%B3%D8%AA%D9%85%D8%A7%D9%84-%DA%A9%D8%A7%D8%BA%D8%B0%DB%8C-%D8%AA%D9%86%D9%88-250-%D8%A8%D8%B1%DA%AF-%D8%AF%D9%88%D9%84%D8%A7/,unknown
102.jpg,dataset_images\102.jpg,https://torob.com/p/4d99cf95-ad06-4b80-a910-60006220c6ad/%D9%85%D8%B3%D9%88%D8%A7%DA%A9-%D8%AC%DB%8C-%DB%8C%D9%88-%D8%A7%D9%85-%DA%A9%D9%84%D8%A7%D8%B3%DB%8C%DA%A9-411-%D8%A8%D8%B1%D8%B3-%D9%86%D8%B1%D9%85/,refrigerator
103.jpg,dataset_images\103.jpg,https://torob.com/p/d479d5e6-9f11-4a19-8eb8-2280e131209a/%D9%85%D8%B3%D9%88%D8%A7%DA%A9-%D8%A8%D8%B1%D9%82%DB%8C-%D8%A7%D9%88%D8%B1%D8%A7%D9%84-%D8%A8%DB%8C-%D9%BE%D8%B1%D9%88-%D9%BE%D8%B1%D9%88%D8%AA%DA%A9%D8%AA-d103/,knife
104.jpg,dataset_images\104.jpg,https://torob.com/p/b98be0b4-4321-4754-b87b-5f1957f32266/%D9%85%D8%B3%D9%88%D8%A7%DA%A9-%D8%A8%D8%B1%D9%82%DB%8C-%D8%B4%DB%8C%D8%A7%DB%8C%D9%88%D9%85%DB%8C-%D9%85%D8%AF%D9%84-t302-%D8%A8%D8%A7-%D8%B3%D8%B1%DB%8C-%D8%A7%D8%B6%D8%A7%D9%81%D9%87/,toothbrush
105.jpg,dataset_images\105.jpg,https://torob.com/p/8993d2b0-c1fe-49bc-b7a3-41383b8d1b84/%D8%AE%D9%85%DB%8C%D8%B1-%D8%AF%D9%86%D8%AF%D8%A7%D9%86-max-white-%D8%AD%D8%AC%D9%85-100-%D9%85%DB%8C%D9%84%DB%8C-%D9%84%DB%8C%D8%AA%D8%B1/,unknown
106.jpg,dataset_images\106.jpg,https://torob.com/p/d514e668-3118-4eb8-a5cf-550ada600022/%D8%AE%D9%85%DB%8C%D8%B1-%D8%AF%D9%86%D8%AF%D8%A7%D9%86-%D8%B3%DB%8C%DA%AF%D9%86%D8%A7%D9%84-%D8%B6%D8%AF-%D9%BE%D9%88%D8%B3%DB%8C%D8%AF%DA%AF%DB%8C-100-%DA%AF%D8%B1%D9%85/,unknown
107.jpg,dataset_images\107.jpg,https://torob.com/p/9755ea1b-75e1-4ec5-a3ea-af92c1bad7cc/%D8%AE%D9%85%DB%8C%D8%B1-%D8%AF%D9%86%D8%AF%D8%A7%D9%86-%D8%B3%D9%81%DB%8C%D8%AF-%DA%A9%D9%86%D9%86%D8%AF%D9%87-%D9%85%D8%B1%DB%8C%D8%AF%D9%86%D8%AA-130-%DA%AF%D8%B1%D9%85-%D8%A8%D8%A7-%D8%B7%D8%B9%D9%85-%D9%86%D8%B9%D9%86%D8%A7/,unknown
108.jpg,dataset_images\108.jpg,https://torob.com/p/9bcf3364-2387-42ab-b712-bfc6c429ab07/%DA%AF%D9%88%D8%B4%DB%8C-%D8%B3%D8%A7%D9%85%D8%B3%D9%88%D9%86%DA%AF-s26-ultra-5g-%D8%AD%D8%A7%D9%81%D8%B8%D9%87-256-%D8%B1%D9%85-12-%DA%AF%DB%8C%DA%AF%D8%A7%D8%A8%D8%A7%DB%8C%D8%AA/,toilet
109.jpg,dataset_images\109.jpg,https://torob.com/p/29aefae2-7daf-4b6d-8a71-40126ef0cb0e/%DA%AF%D9%88%D8%B4%DB%8C-%D8%B3%D8%A7%D9%85%D8%B3%D9%88%D9%86%DA%AF-a56-5g-%D8%AD%D8%A7%D9%81%D8%B8%D9%87-256-%D8%B1%D9%85-8-%DA%AF%DB%8C%DA%AF%D8%A7%D8%A8%D8%A7%DB%8C%D8%AA/,unknown
11.jpg,dataset_images\11.jpg,https://torob.com/p/05beaee8-01aa-4bc0-8208-97cb69c17fbd/%D8%B4%D9%88%D9%85%DB%8C%D8%B2-%D8%B2%D9%86%D8%A7%D9%86%D9%87-%D9%81%D8%B1%DB%8C-%D8%AA%D8%A7-%D8%B3%D8%A7%DB%8C%D8%B2-46-%D8%B1%D9%86%DA%AF-%D8%B4%DA%A9%D9%84%D8%A7%D8%AA%DB%8C-%DA%A9%D8%B1%D9%85-%D9%86%D8%B3%DA%A9%D8%A7%D9%81%D9%87-%D8%A7%DB%8C-%D9%85%D8%B4%DA%A9%DB%8C-%D8%B3%D9%88%D8%B1%D9%85%D9%87-%D8%A7%DB%8C-%D8%B7%D9%88%D8%B3%DB%8C/,person
110.jpg,dataset_images\110.jpg,https://torob.com/p/153df520-3821-4053-ba6c-b55dbdd32f1a/%DA%AF%D9%88%D8%B4%DB%8C-%D8%B3%D8%A7%D9%85%D8%B3%D9%88%D9%86%DA%AF-%D9%88%DB%8C%D8%AA%D9%86%D8%A7%D9%85-s25-fe-5g-%D8%AD%D8%A7%D9%81%D8%B8%D9%87-256-%D8%B1%D9%85-8-%DA%AF%DB%8C%DA%AF%D8%A7%D8%A8%D8%A7%DB%8C%D8%AA/,remote
111.jpg,dataset_images\111.jpg,https://torob.com/p/b4db6d88-30f5-4358-ab01-eeb51b8e309c/%DA%AF%D9%88%D8%B4%DB%8C-%D8%B4%DB%8C%D8%A7%DB%8C%D9%88%D9%85%DB%8C-poco-c85-%D8%AD%D8%A7%D9%81%D8%B8%D9%87-256-%D8%B1%D9%85-8-%DA%AF%DB%8C%DA%AF%D8%A7%D8%A8%D8%A7%DB%8C%D8%AA/,unknown
112.jpg,dataset_images\112.jpg,https://torob.com/p/e8394679-1f14-4ec1-b451-4d3fdb7ade1c/%DA%AF%D9%88%D8%B4%DB%8C-%D8%B4%DB%8C%D8%A7%DB%8C%D9%88%D9%85%DB%8C-poco-x8-pro-5g-%D8%AD%D8%A7%D9%81%D8%B8%D9%87-512-%D8%B1%D9%85-12-%DA%AF%DB%8C%DA%AF%D8%A7%D8%A8%D8%A7%DB%8C%D8%AA/,remote
113.jpg,dataset_images\113.jpg,https://torob.com/p/a4e79e9c-1a8a-4ac7-8059-939009eb15d8/%DA%AF%D9%88%D8%B4%DB%8C-%D8%A7%DB%8C%D9%81%D9%88%D9%86-17-%D9%BE%D8%B1%D9%88-%D9%85%DA%A9%D8%B3-%D8%AD%D8%A7%D9%81%D8%B8%D9%87-256-%DA%AF%DB%8C%DA%AF%D8%A7%D8%A8%D8%A7%DB%8C%D8%AA-%D8%AF%D9%88-%D8%B3%DB%8C%D9%85-%DA%A9%D8%A7%D8%B1%D8%AA-%D9%86%D8%A7%D8%AA-%D8%A7%DA%A9%D8%AA%DB%8C%D9%88/,cell phone
113.jpg,dataset_images\113.jpg,https://torob.com/p/a4e79e9c-1a8a-4ac7-8059-939009eb15d8/%DA%AF%D9%88%D8%B4%DB%8C-%D8%A7%DB%8C%D9%81%D9%88%D9%86-17-%D9%BE%D8%B1%D9%88-%D9%85%DA%A9%D8%B3-%D8%AD%D8%A7%D9%81%D8%B8%D9%87-256-%DA%AF%DB%8C%DA%AF%D8%A7%D8%A8%D8%A7%DB%8C%D8%AA-%D8%AF%D9%88-%D8%B3%DB%8C%D9%85-%DA%A9%D8%A7%D8%B1%D8%AA-%D9%86%D8%A7%D8%AA-%D8%A7%DA%A9%D8%AA%DB%8C%D9%88/,remote
114.jpg,dataset_images\114.jpg,https://torob.com/p/579a3095-bffc-4d39-a66f-ad6210530eae/%DA%AF%D9%88%D8%B4%DB%8C-%D8%A7%D9%BE%D9%84-%D8%AF%D9%88-%D8%B3%DB%8C%D9%85-%D8%A7%D8%B3%D8%AA%D9%88%DA%A9-iphone-15-pro-%D8%AD%D8%A7%D9%81%D8%B8%D9%87-256-%DA%AF%DB%8C%DA%AF%D8%A7%D8%A8%D8%A7%DB%8C%D8%AA/,remote
115.jpg,dataset_images\115.jpg,https://torob.com/p/5407f4a5-d16e-4b22-9f97-da2228f8446c/%DA%AF%D9%88%D8%B4%DB%8C-%D9%87%D9%88%D8%A7%D9%88%DB%8C-mate-80-pro-5g-%D8%AD%D8%A7%D9%81%D8%B8%D9%87-512-%D8%B1%D9%85-16-%DA%AF%DB%8C%DA%AF%D8%A7%D8%A8%D8%A7%DB%8C%D8%AA/,unknown
116.jpg,dataset_images\116.jpg,https://torob.com/p/c8d6db90-82fa-4d03-a8c4-d7a2bafee5bc/%DA%AF%D9%88%D8%B4%DB%8C-%D9%87%D9%88%D8%A7%D9%88%DB%8C-pura-80-ultra-5g-%D8%AD%D8%A7%D9%81%D8%B8%D9%87-512-%D8%B1%D9%85-16-%DA%AF%DB%8C%DA%AF%D8%A7%D8%A8%D8%A7%DB%8C%D8%AA/,remote
117.jpg,dataset_images\117.jpg,https://torob.com/p/682ffd6d-0ca6-4aa0-836c-54e5dd69e30d/%DA%AF%D9%88%D8%B4%DB%8C-%D8%B3%D9%88%D9%86%DB%8C-%D8%A7%DA%A9%D8%B3%D9%BE%D8%B1%DB%8C%D8%A7-1-%D9%85%D8%A7%D8%B1%DA%A9-7-%D8%AD%D8%A7%D9%81%D8%B8%D9%87-256-%DA%AF%DB%8C%DA%AF%D8%A7%D8%A8%D8%A7%DB%8C%D8%AA-%D8%B1%D9%85-12-%DA%AF%DB%8C%DA%AF%D8%A7%D8%A8%D8%A7%DB%8C%D8%AA/,tie
117.jpg,dataset_images\117.jpg,https://torob.com/p/682ffd6d-0ca6-4aa0-836c-54e5dd69e30d/%DA%AF%D9%88%D8%B4%DB%8C-%D8%B3%D9%88%D9%86%DB%8C-%D8%A7%DA%A9%D8%B3%D9%BE%D8%B1%DB%8C%D8%A7-1-%D9%85%D8%A7%D8%B1%DA%A9-7-%D8%AD%D8%A7%D9%81%D8%B8%D9%87-256-%DA%AF%DB%8C%DA%AF%D8%A7%D8%A8%D8%A7%DB%8C%D8%AA-%D8%B1%D9%85-12-%DA%AF%DB%8C%DA%AF%D8%A7%D8%A8%D8%A7%DB%8C%D8%AA/,remote
118.jpg,dataset_images\118.jpg,https://torob.com/p/3a146d23-0ab0-4c8e-b7af-a1e707ebc2d7/%D8%AA%D8%A8%D9%84%D8%AA-%D8%B3%D8%A7%D9%85%D8%B3%D9%88%D9%86%DA%AF-a11-x133-%D8%AD%D8%A7%D9%81%D8%B8%D9%87-64-%D8%B1%D9%85-4-%DA%AF%DB%8C%DA%AF%D8%A7%D8%A8%D8%A7%DB%8C%D8%AA/,toilet
119.jpg,dataset_images\119.jpg,https://torob.com/p/30a10aab-51e9-48b4-a89a-17e84763edb5/%D8%AA%D8%A8%D9%84%D8%AA-%D8%B3%D8%A7%D9%85%D8%B3%D9%88%D9%86%DA%AF-s11-ultra-x930-%D8%AD%D8%A7%D9%81%D8%B8%D9%87-256-%D8%B1%D9%85-12-%DA%AF%DB%8C%DA%AF%D8%A7%D8%A8%D8%A7%DB%8C%D8%AA/,unknown
12.jpg,dataset_images\12.jpg,https://torob.com/p/0ad0e8d4-9468-48f7-a98a-cf4d253ab2f8/%D8%AF%D8%A7%D9%85%D9%86-%D8%B2%D9%86%D8%A7%D9%86%D9%87-%D9%86%DB%8C%D9%84%D8%A7%DB%8C-%DA%A9%D8%AA%D8%A7%D9%86/,cat
120jpg.jpg,dataset_images\120jpg.jpg,No URL found,unknown
121.jpg,dataset_images\121.jpg,https://torob.com/p/a92f24bb-49b9-41c3-9585-9d3213ba220d/%D8%AA%D8%A8%D9%84%D8%AA-%D8%A7%D9%BE%D9%84-ipad-pro-5th-2024-wifi-11-inch-%D8%AD%D8%A7%D9%81%D8%B8%D9%87-256-%DA%AF%DB%8C%DA%AF%D8%A7%D8%A8%D8%A7%DB%8C%D8%AA/,unknown
122.jpg,dataset_images\122.jpg,https://torob.com/p/d4dc2d53-c268-4d10-a051-586549783ef7/%D8%AA%D8%A8%D9%84%D8%AA-%D9%85%D8%A7%DB%8C%DA%A9%D8%B1%D9%88%D8%B3%D8%A7%D9%81%D8%AA-%DA%A9%DB%8C%D8%A8%D9%88%D8%B1%D8%AF-%D8%AF%D8%A7%D8%B1-%D8%A7%D8%B3%D8%AA%D9%88%DA%A9-surface-pro-5-8gb-ram-256gb-i5/,bird
122.jpg,dataset_images\122.jpg,https://torob.com/p/d4dc2d53-c268-4d10-a051-586549783ef7/%D8%AA%D8%A8%D9%84%D8%AA-%D9%85%D8%A7%DB%8C%DA%A9%D8%B1%D9%88%D8%B3%D8%A7%D9%81%D8%AA-%DA%A9%DB%8C%D8%A8%D9%88%D8%B1%D8%AF-%D8%AF%D8%A7%D8%B1-%D8%A7%D8%B3%D8%AA%D9%88%DA%A9-surface-pro-5-8gb-ram-256gb-i5/,laptop
123.jpg,dataset_images\123.jpg,https://torob.com/p/9d2fbdf9-9254-4c94-bcbd-700ee4716757/surface-pro-8-i5-1145g7-8ram-256ssd-stock/,unknown
124.jpg,dataset_images\124.jpg,https://torob.com/p/d190a255-b175-4e9d-94c7-ef5d92e1de2c/%D8%AA%D8%A8%D9%84%D8%AA-%D9%85%D8%A7%DB%8C%DA%A9%D8%B1%D9%88%D8%B3%D8%A7%D9%81%D8%AA-%D8%A7%D8%B3%D8%AA%D9%88%DA%A9-surface-pro-7-16gb-ram-256gb-i7/,unknown
125.jpg,dataset_images\125.jpg,https://torob.com/p/24e817d9-3a33-47f1-be70-c6ef4b43f70d/%D8%AA%D8%A8%D9%84%D8%AA-%D9%84%D9%86%D9%88%D9%88-%D9%85%D8%AF%D9%84-yoga-book-%D8%B8%D8%B1%D9%81%DB%8C%D8%AA-64-%DA%AF%DB%8C%DA%AF%D8%A7%D8%A8%D8%A7%DB%8C%D8%AA-%D8%B1%D9%85-4-%DA%AF%DB%8C%DA%AF%D8%A7%D8%A8%D8%A7%DB%8C%D8%AA/,unknown
126.jpg,dataset_images\126.jpg,https://torob.com/p/de92df9d-9e1c-4e82-b4b9-8551c7bf3c88/%D8%AA%D8%A8%D9%84%D8%AA-%D9%84%D9%86%D9%88%D9%88-idea-tab-%D8%AD%D8%A7%D9%81%D8%B8%D9%87-256-%D8%B1%D9%85-8-%DA%AF%DB%8C%DA%AF%D8%A7%D8%A8%D8%A7%DB%8C%D8%AA/,cell phone
126.jpg,dataset_images\126.jpg,https://torob.com/p/de92df9d-9e1c-4e82-b4b9-8551c7bf3c88/%D8%AA%D8%A8%D9%84%D8%AA-%D9%84%D9%86%D9%88%D9%88-idea-tab-%D8%AD%D8%A7%D9%81%D8%B8%D9%87-256-%D8%B1%D9%85-8-%DA%AF%DB%8C%DA%AF%D8%A7%D8%A8%D8%A7%DB%8C%D8%AA/,laptop
126.jpg,dataset_images\126.jpg,https://torob.com/p/de92df9d-9e1c-4e82-b4b9-8551c7bf3c88/%D8%AA%D8%A8%D9%84%D8%AA-%D9%84%D9%86%D9%88%D9%88-idea-tab-%D8%AD%D8%A7%D9%81%D8%B8%D9%87-256-%D8%B1%D9%85-8-%DA%AF%DB%8C%DA%AF%D8%A7%D8%A8%D8%A7%DB%8C%D8%AA/,tv
127.jpg,dataset_images\127.jpg,https://torob.com/p/56308b5d-b943-4758-a4ed-597e072831da/%D9%87%D9%86%D8%AF%D8%B2%D9%81%D8%B1%DB%8C-%D8%A8%D8%A7%D8%B3%DB%8C%D9%85-%D8%AA%D8%A7%DB%8C%D9%BE-%D8%B3%DB%8C-%D8%B3%D8%A7%D9%85%D8%B3%D9%88%D9%86%DA%AF-%D9%85%D8%AF%D9%84-samsung-universal-type-c/,unknown
128.jpg,dataset_images\128.jpg,https://torob.com/p/cc62aa80-3db5-4b5a-bfea-7b6f12477a77/%D9%87%D8%AF%D9%81%D9%88%D9%86-%D8%A8%DB%8C-%D8%B3%DB%8C%D9%85-%D8%B3%D8%A7%D9%85%D8%B3%D9%88%D9%86%DA%AF-%D9%85%D8%AF%D9%84-r03s/,toilet
128.jpg,dataset_images\128.jpg,https://torob.com/p/cc62aa80-3db5-4b5a-bfea-7b6f12477a77/%D9%87%D8%AF%D9%81%D9%88%D9%86-%D8%A8%DB%8C-%D8%B3%DB%8C%D9%85-%D8%B3%D8%A7%D9%85%D8%B3%D9%88%D9%86%DA%AF-%D9%85%D8%AF%D9%84-r03s/,toothbrush
129.jpg,dataset_images\129.jpg,https://torob.com/p/5ed6543a-4390-46f8-8eb4-2d375c206e97/%D9%87%D8%AF%D9%81%D9%88%D9%86-%D8%A8%DB%8C-%D8%B3%DB%8C%D9%85-%D8%B3%D8%A7%D9%85%D8%B3%D9%88%D9%86%DA%AF-%D9%85%D8%AF%D9%84-galaxy-buds-4-pro/,scissors
129.jpg,dataset_images\129.jpg,https://torob.com/p/5ed6543a-4390-46f8-8eb4-2d375c206e97/%D9%87%D8%AF%D9%81%D9%88%D9%86-%D8%A8%DB%8C-%D8%B3%DB%8C%D9%85-%D8%B3%D8%A7%D9%85%D8%B3%D9%88%D9%86%DA%AF-%D9%85%D8%AF%D9%84-galaxy-buds-4-pro/,scissors
13.jpg,dataset_images\13.jpg,https://torob.com/p/b69d2b89-205e-4cba-b9fc-1e44782f9147/%D8%AF%D8%A7%D9%85%D9%86-%D8%B7%D8%A8%D9%82%D9%87-%D8%A7%DB%8C-%D8%B3%D8%A7%DB%8C%D8%B2-%D8%A7%D8%B2%D8%A7%D8%AF-%D9%85%D8%AF%D9%84-5904/,bed
130.jpg,dataset_images\130.jpg,https://torob.com/p/42b48a86-7190-4f68-8830-d82cbd07ff06/%D9%87%D8%AF%D9%81%D9%88%D9%86-%D8%A8%DB%8C-%D8%B3%DB%8C%D9%85-%D8%A7%D9%BE%D9%84-%D9%85%D8%AF%D9%84-%D8%A7%DB%8C%D8%B1%D9%BE%D8%A7%D8%AF-%D9%BE%D8%B1%D9%88/,unknown
131.jpg,dataset_images\131.jpg,https://torob.com/p/158b67ed-dd7a-4ab4-bd7f-9a4f3adda3f3/%D9%87%D8%AF%D9%81%D9%88%D9%86-%D8%A8%DB%8C-%D8%B3%DB%8C%D9%85-%D8%A7%DB%8C%D8%B1%D9%BE%D8%A7%D8%AF%D8%B2-%D9%85%DA%A9%D8%B3-p9/,mouse
131.jpg,dataset_images\131.jpg,https://torob.com/p/158b67ed-dd7a-4ab4-bd7f-9a4f3adda3f3/%D9%87%D8%AF%D9%81%D9%88%D9%86-%D8%A8%DB%8C-%D8%B3%DB%8C%D9%85-%D8%A7%DB%8C%D8%B1%D9%BE%D8%A7%D8%AF%D8%B2-%D9%85%DA%A9%D8%B3-p9/,scissors
131.jpg,dataset_images\131.jpg,https://torob.com/p/158b67ed-dd7a-4ab4-bd7f-9a4f3adda3f3/%D9%87%D8%AF%D9%81%D9%88%D9%86-%D8%A8%DB%8C-%D8%B3%DB%8C%D9%85-%D8%A7%DB%8C%D8%B1%D9%BE%D8%A7%D8%AF%D8%B2-%D9%85%DA%A9%D8%B3-p9/,mouse
132.jpg,dataset_images\132.jpg,https://torob.com/p/d4dad759-dcf0-4400-8854-202d0cd492ce/%D9%87%D8%AF%D9%81%D9%88%D9%86-%D8%A8%DB%8C-%D8%B3%DB%8C%D9%85-%D8%AC%DB%8C-%D8%A8%DB%8C-%D8%A7%D9%84-p2961/,toothbrush
132.jpg,dataset_images\132.jpg,https://torob.com/p/d4dad759-dcf0-4400-8854-202d0cd492ce/%D9%87%D8%AF%D9%81%D9%88%D9%86-%D8%A8%DB%8C-%D8%B3%DB%8C%D9%85-%D8%AC%DB%8C-%D8%A8%DB%8C-%D8%A7%D9%84-p2961/,toilet
133.jpg,dataset_images\133.jpg,https://torob.com/p/b030c64c-6cb8-49a7-960f-639b8f4f5531/%D9%87%D8%AF%D9%81%D9%88%D9%86-%D8%A8%DB%8C-%D8%B3%DB%8C%D9%85-%D8%AC%DB%8C-%D8%A8%DB%8C-%D8%A7%D9%84-%D9%85%D8%AF%D9%84-tune-720bt/,parking meter
134.jpg,dataset_images\134.jpg,https://torob.com/p/527b4e87-284b-4ad6-ade7-35af9656205b/%D8%B4%D8%A7%D8%B1%DA%98%D8%B1-%D8%B3%D8%A7%D9%85%D8%B3%D9%88%D9%86%DA%AF-%D9%85%D8%AF%D9%84-ep-ta845-%D8%AA%D9%88%D8%A7%D9%86-45-%D9%88%D8%A7%D8%AA-%D8%B3%D9%87-%D9%BE%DB%8C%D9%86-%D9%87%D9%85%D8%B1%D8%A7%D9%87-%DA%A9%D8%A7%D8%A8%D9%84/,tv
135.jpg,dataset_images\135.jpg,https://torob.com/p/d92e497e-52aa-4f6e-ba9e-26664ae2368f/%D8%B4%D8%A7%D8%B1%DA%98%D8%B1-%D8%B3%D8%A7%D9%85%D8%B3%D9%88%D9%86%DA%AF-%D9%85%D8%AF%D9%84-ep-ta800-%D8%AA%D9%88%D8%A7%D9%86-25-%D9%88%D8%A7%D8%AA-%D8%B3%D9%87-%D9%BE%DB%8C%D9%86/,unknown
136.jpg,dataset_images\136.jpg,https://torob.com/p/9690d593-d458-4140-a9ec-fbb0d74dfd8d/%D8%B4%D8%A7%D8%B1%DA%98%D8%B1-%D8%B4%DB%8C%D8%A7%DB%8C%D9%88%D9%85%DB%8C-%D8%AA%D9%88%D8%A7%D9%86-33-%D9%88%D8%A7%D8%AA-%D8%AF%D9%88-%D9%BE%DB%8C%D9%86-%D9%87%D9%85%D8%B1%D8%A7%D9%87-%DA%A9%D8%A7%D8%A8%D9%84/,toilet
137.jpg,dataset_images\137.jpg,https://torob.com/p/dd0d79e9-67a8-4f21-ace0-4ca82f562f0d/%D8%B3%D8%A7%D8%B9%D8%AA-%D9%87%D9%88%D8%B4%D9%85%D9%86%D8%AF-%D8%A7%D9%BE%D9%84-%D9%88%D8%A7%DA%86-%D8%B3%D8%B1%DB%8C-11-%D8%A7%D9%84%D9%88%D9%85%DB%8C%D9%86%DB%8C%D9%88%D9%85-42-%D9%85%DB%8C%D9%84%DB%8C-%D9%85%D8%AA%D8%B1%DB%8C-%D8%A8%D8%A7-%D8%A8%D9%86%D8%AF-%D8%B3%DB%8C%D9%84%DB%8C%DA%A9%D9%88%D9%86%DB%8C/,parking meter
138.jpg,dataset_images\138.jpg,https://torob.com/p/586244db-8c50-4651-ba97-29e3b4788281/%D8%B3%D8%A7%D8%B9%D8%AA-%D9%87%D9%88%D8%B4%D9%85%D9%86%D8%AF-%D8%A7%D9%BE%D9%84-%D8%B3%D8%B1%DB%8C-7-%D9%85%D8%AF%D9%84-45-%D9%85%DB%8C%D9%84/,parking meter
139.jpg,dataset_images\139.jpg,https://torob.com/p/5524ebc9-f1f0-414b-a4f7-84987717878f/%D8%B3%D8%A7%D8%B9%D8%AA-%D9%87%D9%88%D8%B4%D9%85%D9%86%D8%AF-%D8%B3%D8%A7%D9%85%D8%B3%D9%88%D9%86%DA%AF-galaxy-watch6-sm-r940-%D8%B3%D8%A7%DB%8C%D8%B2-44-%D9%85%DB%8C%D9%84%DB%8C%D9%85%D8%AA%D8%B1-%D8%A8%D8%A7-%D9%86%D9%85%D8%A7%DB%8C%D8%B4%DA%AF%D8%B1-%D8%B3%D9%88%D9%BE%D8%B1-%D8%A7%D9%85%D9%88%D9%84%D8%AF-%D9%88-%D8%B6%D8%AF-%D8%A7%D8%A8-ip68/,parking meter
14.jpg,dataset_images\14.jpg,https://torob.com/p/eb373b07-b1ec-4340-af62-20e3f1c4064e/%D8%B3%D8%AA-%D8%AF%D9%88-%D8%AA%DB%8C%DA%A9%D9%87-%D8%B1%D8%A7%D8%AD%D8%AA%DB%8C-%D8%B2%D9%86%D8%A7%D9%86%D9%87-%D9%88-%D8%AF%D8%AE%D8%AA%D8%B1%D8%A7%D9%86%D9%87-%D8%AA%D8%A7%D9%BE-%D9%88-%D8%B4%D9%84%D9%88%D8%A7%D8%B1-%D8%A8%D8%A7-%D8%B7%D8%B1%D8%AD-%D9%81%D8%A7%D9%86%D8%AA%D8%B2%DB%8C-%DA%A9%D8%AF-7171/,unknown
140.jpg,dataset_images\140.jpg,https://torob.com/p/d9a5ae8f-eabc-4e6d-943a-08584b3ec9f5/%D8%B3%D8%A7%D8%B9%D8%AA-%D9%87%D9%88%D8%B4%D9%85%D9%86%D8%AF-%D8%B3%D8%A7%D9%85%D8%B3%D9%88%D9%86%DA%AF-galaxy-watch-8-l330-%D8%B3%D8%A7%DB%8C%D8%B2-44-%D9%85%DB%8C%D9%84%DB%8C-%D9%85%D8%AA%D8%B1-%D8%A8%D8%A7-%D9%86%D9%85%D8%A7%DB%8C%D8%B4%DA%AF%D8%B1-super-amoled/,toilet
141.jpg,dataset_images\141.jpg,https://torob.com/p/fdc66525-7f10-4b3c-8e3f-638cd9d063dc/%D9%84%D9%BE-%D8%AA%D8%A7%D9%BE-%D8%A7%D9%BE%D9%84-%D9%85%DA%A9-%D8%A8%D9%88%DA%A9-%D9%BE%D8%B1%D9%88-2020-%D8%B8%D8%B1%D9%81%DB%8C%D8%AA-256-%DA%AF%DB%8C%DA%AF%D8%A7%D8%A8%D8%A7%DB%8C%D8%AA-%D8%A8%D8%A7-%D8%B1%D9%85-8-%DA%AF%DB%8C%DA%AF%D8%A7%D8%A8%D8%A7%DB%8C%D8%AA-%D8%B3%D8%A7%DB%8C%D8%B2-13-%D8%A7%DB%8C%D9%86%DA%86/,laptop
141.jpg,dataset_images\141.jpg,https://torob.com/p/fdc66525-7f10-4b3c-8e3f-638cd9d063dc/%D9%84%D9%BE-%D8%AA%D8%A7%D9%BE-%D8%A7%D9%BE%D9%84-%D9%85%DA%A9-%D8%A8%D9%88%DA%A9-%D9%BE%D8%B1%D9%88-2020-%D8%B8%D8%B1%D9%81%DB%8C%D8%AA-256-%DA%AF%DB%8C%DA%AF%D8%A7%D8%A8%D8%A7%DB%8C%D8%AA-%D8%A8%D8%A7-%D8%B1%D9%85-8-%DA%AF%DB%8C%DA%AF%D8%A7%D8%A8%D8%A7%DB%8C%D8%AA-%D8%B3%D8%A7%DB%8C%D8%B2-13-%D8%A7%DB%8C%D9%86%DA%86/,laptop
141.jpg,dataset_images\141.jpg,https://torob.com/p/fdc66525-7f10-4b3c-8e3f-638cd9d063dc/%D9%84%D9%BE-%D8%AA%D8%A7%D9%BE-%D8%A7%D9%BE%D9%84-%D9%85%DA%A9-%D8%A8%D9%88%DA%A9-%D9%BE%D8%B1%D9%88-2020-%D8%B8%D8%B1%D9%81%DB%8C%D8%AA-256-%DA%AF%DB%8C%DA%AF%D8%A7%D8%A8%D8%A7%DB%8C%D8%AA-%D8%A8%D8%A7-%D8%B1%D9%85-8-%DA%AF%DB%8C%DA%AF%D8%A7%D8%A8%D8%A7%DB%8C%D8%AA-%D8%B3%D8%A7%DB%8C%D8%B2-13-%D8%A7%DB%8C%D9%86%DA%86/,keyboard
142.jpg,dataset_images\142.jpg,https://torob.com/p/2377038f-cba1-40db-b820-58fa5de83beb/%D9%84%D9%BE-%D8%AA%D8%A7%D9%BE-%D8%A7%D9%BE%D9%84-%D9%85%DA%A9-%D8%A8%D9%88%DA%A9-%D9%BE%D8%B1%D9%88-%D9%85%D8%AF%D9%84-a2141-%D8%B8%D8%B1%D9%81%DB%8C%D8%AA-512-%DA%AF%DB%8C%DA%AF%D8%A7%D8%A8%D8%A7%DB%8C%D8%AA-%D8%A8%D8%A7-%D9%BE%D8%B1%D8%AF%D8%A7%D8%B2%D9%86%D8%AF%D9%87-core-i9-%D9%88-%D8%B1%D9%85-32-%DA%AF%DB%8C%DA%AF%D8%A7%D8%A8%D8%A7%DB%8C%D8%AA/,keyboard
142.jpg,dataset_images\142.jpg,https://torob.com/p/2377038f-cba1-40db-b820-58fa5de83beb/%D9%84%D9%BE-%D8%AA%D8%A7%D9%BE-%D8%A7%D9%BE%D9%84-%D9%85%DA%A9-%D8%A8%D9%88%DA%A9-%D9%BE%D8%B1%D9%88-%D9%85%D8%AF%D9%84-a2141-%D8%B8%D8%B1%D9%81%DB%8C%D8%AA-512-%DA%AF%DB%8C%DA%AF%D8%A7%D8%A8%D8%A7%DB%8C%D8%AA-%D8%A8%D8%A7-%D9%BE%D8%B1%D8%AF%D8%A7%D8%B2%D9%86%D8%AF%D9%87-core-i9-%D9%88-%D8%B1%D9%85-32-%DA%AF%DB%8C%DA%AF%D8%A7%D8%A8%D8%A7%DB%8C%D8%AA/,laptop
142.jpg,dataset_images\142.jpg,https://torob.com/p/2377038f-cba1-40db-b820-58fa5de83beb/%D9%84%D9%BE-%D8%AA%D8%A7%D9%BE-%D8%A7%D9%BE%D9%84-%D9%85%DA%A9-%D8%A8%D9%88%DA%A9-%D9%BE%D8%B1%D9%88-%D9%85%D8%AF%D9%84-a2141-%D8%B8%D8%B1%D9%81%DB%8C%D8%AA-512-%DA%AF%DB%8C%DA%AF%D8%A7%D8%A8%D8%A7%DB%8C%D8%AA-%D8%A8%D8%A7-%D9%BE%D8%B1%D8%AF%D8%A7%D8%B2%D9%86%D8%AF%D9%87-core-i9-%D9%88-%D8%B1%D9%85-32-%DA%AF%DB%8C%DA%AF%D8%A7%D8%A8%D8%A7%DB%8C%D8%AA/,laptop
143.jpg,dataset_images\143.jpg,https://torob.com/p/24dbd584-865e-43db-98c2-8a10ab6211f6/%D9%84%D9%BE-%D8%AA%D8%A7%D9%BE-%D8%A7%DB%8C%D8%B3%D9%88%D8%B3-fx607vj-16gb-ram-512gb-ssd-core-5-210h-vga-rtx3050/,laptop
143.jpg,dataset_images\143.jpg,https://torob.com/p/24dbd584-865e-43db-98c2-8a10ab6211f6/%D9%84%D9%BE-%D8%AA%D8%A7%D9%BE-%D8%A7%DB%8C%D8%B3%D9%88%D8%B3-fx607vj-16gb-ram-512gb-ssd-core-5-210h-vga-rtx3050/,laptop
144.jpg,dataset_images\144.jpg,https://torob.com/p/ef4fd537-e525-4ae9-a465-769d3eaab98c/%D9%84%D9%BE-%D8%AA%D8%A7%D9%BE-%D8%A7%DB%8C%D8%B3%D9%88%D8%B3-f1605va-16gb-ram-512gb-ssd-core-i7-1355u/,keyboard
144.jpg,dataset_images\144.jpg,https://torob.com/p/ef4fd537-e525-4ae9-a465-769d3eaab98c/%D9%84%D9%BE-%D8%AA%D8%A7%D9%BE-%D8%A7%DB%8C%D8%B3%D9%88%D8%B3-f1605va-16gb-ram-512gb-ssd-core-i7-1355u/,keyboard
145.jpg,dataset_images\145.jpg,https://torob.com/p/ea570bb8-eed2-4464-a7f8-6e93de2faac0/%D9%84%D9%BE-%D8%AA%D8%A7%D8%A8-%D8%AF%D9%84-%D8%A7%D8%B3%D8%AA%D9%88%DA%A9-%D9%85%D8%AF%D9%84-dell-precision-5520-ram-16-gb-ddr4-512-gb-ssd-i7-4-gb/,laptop
146.jpg,dataset_images\146.jpg,https://torob.com/p/be908af5-8d9e-41e5-80bb-74858ff6d00d/%D9%84%D9%BE-%D8%AA%D8%A7%D9%BE-%D8%AF%D9%84-%D9%85%D8%AF%D9%84-e6410-%D8%B8%D8%B1%D9%81%DB%8C%D8%AA-256-%DA%AF%DB%8C%DA%AF%D8%A7%D8%A8%D8%A7%DB%8C%D8%AA-ssd-%D8%A8%D8%A7-8-%DA%AF%DB%8C%DA%AF%D8%A7%D8%A8%D8%A7%DB%8C%D8%AA-%D8%B1%D9%85-%D9%88-14-%D8%A7%DB%8C%D9%86%DA%86/,laptop
147.jpg,dataset_images\147.jpg,https://torob.com/p/aba63fb7-efc0-41eb-900a-da313d53dff9/%D9%84%D9%BE-%D8%AA%D8%A7%D9%BE-%D9%84%D9%86%D9%88%D9%88-thinkpad-t14-%D8%B8%D8%B1%D9%81%DB%8C%D8%AA-512-%DA%AF%DB%8C%DA%AF%D8%A7%D8%A8%D8%A7%DB%8C%D8%AA-%D8%A8%D8%A7-%D9%BE%D8%B1%D8%AF%D8%A7%D8%B2%D9%86%D8%AF%D9%87-core-i7-%D9%88-%D8%B1%D9%85-16-%DA%AF%DB%8C%DA%AF%D8%A7%D8%A8%D8%A7%DB%8C%D8%AA/,laptop
148.jpg,dataset_images\148.jpg,https://torob.com/p/5c270eac-f0b2-44fc-be23-08265f6c9048/%D9%84%D9%BE-%D8%AA%D8%A7%D9%BE-%D9%84%D9%86%D9%88%D9%88-ideapad-1-16gb-ram-1tb-ssd-celeron-n4500/,laptop
149.jpg,dataset_images\149.jpg,https://torob.com/p/9ef609ba-004e-46b8-b4d2-f74cedeedd5e/%D9%84%D9%BE-%D8%AA%D8%A7%D9%BE-%D8%A7%DA%86-%D9%BE%DB%8C-fa2013dx-8gb-ram-512gb-ssd-core-i5-13420h-vga-rtx3050/,laptop
15.jpg,dataset_images\15.jpg,https://torob.com/p/7f7ef12a-82a6-45c0-a063-42ea3740a5d7/%D8%B3%D8%AA-%DA%A9%D8%B1%D8%A7%D9%BE-%D9%88-%D8%B4%D9%84%D9%88%D8%A7%D8%B1-%D8%B2%D9%86%D8%A7%D9%86%D9%87/,person
150.jpg,dataset_images\150.jpg,https://torob.com/p/fcca8859-8479-418f-b7ac-2a8645fb34d9/%D9%84%D9%BE-%D8%AA%D8%A7%D9%BE-%D8%A7%D8%B3%D8%AA%D9%88%DA%A9-%D8%A7%DA%86-%D9%BE%DB%8C-%D9%85%D8%AF%D9%84-hp-elite-book-850-g3-core-i7_6th-8g-256ssd/,laptop
151.jpg,dataset_images\151.jpg,https://torob.com/p/359d0779-7bd1-4725-b086-efed1b0d9bd5/%DA%A9%DB%8C%D8%A8%D9%88%D8%B1%D8%AF-%D8%B1%D8%AF%D8%B1%D8%A7%DA%AF%D9%88%D9%86-%D9%85%D8%AF%D9%84-k552-rgb-%D8%A8%D8%A7%D8%B3%DB%8C%D9%85/,keyboard
152.jpg,dataset_images\152.jpg,https://torob.com/p/3d5ef490-2382-4b12-a12d-0a7cbd930b68/%DA%A9%DB%8C%D8%A8%D9%88%D8%B1%D8%AF-%D8%A8%DB%8C-%D8%B3%DB%8C%D9%85-%D9%85%DA%A9%D8%A7%D9%86%DB%8C%DA%A9%D8%A7%D9%84-%D8%B1%D8%AF%D8%B1%D8%A7%DA%AF%D9%88%D9%86-%D9%85%D8%AF%D9%84-k643-wgc-rgb-pro/,keyboard
153.jpg,dataset_images\153.jpg,https://torob.com/p/1cd8031d-a175-4278-b6f9-1d1421d67019/%DA%A9%DB%8C%D8%A8%D9%88%D8%B1%D8%AF-%DA%AF%DB%8C%D9%85%DB%8C%D9%86%DA%AF-%D8%AA%D8%B3%DA%A9%D9%88-%D9%85%D8%AF%D9%84-gk8312-%D8%A8%D8%A7-%D8%B3%DB%8C%D9%85/,keyboard
154.jpg,dataset_images\154.jpg,https://torob.com/p/a54d0cd6-1fe5-4239-b68d-b2fc8a086d25/%D9%85%D8%A7%D9%88%D8%B3-%D8%A8%DB%8C-%D8%B3%DB%8C%D9%85-%D8%B1%D9%BE%D9%88-%D9%85%D8%AF%D9%84-m650-silent-%D8%B1%D9%86%DA%AF-%DA%A9%D8%B1%D9%85%DB%8C/,unknown
155.jpg,dataset_images\155.jpg,https://torob.com/p/a9055edf-2f83-46f7-898b-12cdecbd2cda/%D9%85%D9%88%D8%B3-%DA%AF%DB%8C%D9%85%DB%8C%D9%86%DA%AF-%D8%B1%DB%8C%D8%B2%D8%B1-%D9%85%D8%AF%D9%84-deathadder-essential/,refrigerator
155.jpg,dataset_images\155.jpg,https://torob.com/p/a9055edf-2f83-46f7-898b-12cdecbd2cda/%D9%85%D9%88%D8%B3-%DA%AF%DB%8C%D9%85%DB%8C%D9%86%DA%AF-%D8%B1%DB%8C%D8%B2%D8%B1-%D9%85%D8%AF%D9%84-deathadder-essential/,suitcase
156.jpg,dataset_images\156.jpg,https://torob.com/p/ac57f5de-9e44-4b65-86c4-265a991019b9/%D9%85%D8%A7%D9%88%D8%B3-%D8%A8%DB%8C-%D8%B3%DB%8C%D9%85-%DA%AF%DB%8C%D9%85%DB%8C%D9%86%DA%AF-%D8%B1%D8%AF%D8%B1%D8%A7%DA%AF%D9%88%D9%86-%D9%85%D8%AF%D9%84-m922-pro/,refrigerator
157.jpg,dataset_images\157.jpg,https://torob.com/p/5052cacc-dab6-401a-a164-d88470ac1bca/%DA%A9%DB%8C%D8%B3-%DA%A9%D8%A7%D9%85%D9%BE%DB%8C%D9%88%D8%AA%D8%B1-%D8%AA%D9%88%DB%8C%D8%B3%D8%AA%D8%AF-%D9%85%D8%A7%DB%8C%D9%86%D8%AF%D8%B2-%D9%85%D8%AF%D9%84-spider-03-argb-mid-tower-%D9%85%D8%B4%DA%A9%DB%8C/,clock
158.jpg,dataset_images\158.jpg,https://torob.com/p/be622e43-94c7-4598-b40b-3633df5bef8b/%DA%A9%DB%8C%D8%B3-%DA%A9%D8%A7%D9%85%D9%BE%DB%8C%D9%88%D8%AA%D8%B1-%DA%AF%D8%B1%DB%8C%D9%86-%D9%85%D8%AF%D9%84-pars-%D8%A7%D8%B3%D8%AA%D9%88%DA%A9-%D8%AF%D8%B1%D8%AC%D9%87-b/,refrigerator
159.jpg,dataset_images\159.jpg,https://torob.com/p/41508105-06b0-4e24-8754-d89ad9467022/%DA%A9%DB%8C%D8%B3-%DA%A9%D8%A7%D9%85%D9%BE%DB%8C%D9%88%D8%AA%D8%B1-%D8%A7%DB%8C%D8%B3%D9%88%D8%B3-%D9%85%D8%AF%D9%84-proart-pa401-%D8%A8%D8%A7-%D8%B4%DB%8C%D8%B4%D9%87-%D8%B3%DA%A9%D9%88%D8%B1%DB%8C%D8%AA/,unknown
16.jpg,dataset_images\16.jpg,https://torob.com/p/5b8abcd4-4c1b-4424-b090-6f53c6df255e/%D9%85%D8%A7%D9%86%D8%AA%D9%88-%D9%BE%D8%A7%DB%8C%DB%8C%D8%B2%D9%87-%D8%B2%D9%86%D8%A7%D9%86%D9%87-%D8%B1%D9%88%D8%A8%DB%8C%D9%86%D8%A7-%D8%AC%D9%86%D8%B3-%D9%BE%DB%8C%DA%86%D8%A7%D8%B2%DB%8C-%D8%B3%D8%A7%DB%8C%D8%B2-%D9%81%D8%B1%DB%8C/,unknown
160.jpg,dataset_images\160.jpg,https://torob.com/p/be2cc2ec-92c9-42eb-b27a-cef86b62a0c1/%D9%BE%D8%B1%DB%8C%D9%86%D8%AA%D8%B1-%D9%84%DB%8C%D8%B2%D8%B1%DB%8C-%D8%A7%DA%86-%D9%BE%DB%8C-%D9%85%D8%AF%D9%84-108w-%D8%B3%DB%8C%D8%A7%D9%87-%D9%88-%D8%B3%D9%81%DB%8C%D8%AF/,unknown
161.jpg,dataset_images\161.jpg,https://torob.com/p/98bb4a5d-eca0-469d-b68d-7448061badbe/%D9%BE%D8%B1%DB%8C%D9%86%D8%AA%D8%B1-%DA%86%D9%86%D8%AF%DA%A9%D8%A7%D8%B1%D9%87-%D9%84%DB%8C%D8%B2%D8%B1%DB%8C-%DA%A9%D8%A7%D9%86%D9%86-%D9%85%D8%AF%D9%84-imageclass-mf3010/,oven
162.jpg,dataset_images\162.jpg,https://torob.com/p/e0ce3cd1-88e3-43d6-b571-a417ee5c576d/%D9%BE%D8%B1%DB%8C%D9%86%D8%AA%D8%B1-%DA%86%D9%86%D8%AF-%DA%A9%D8%A7%D8%B1%D9%87-%D8%A7%DA%86-%D9%BE%DB%8C-laserjet-managed-mfp-e52645-%D8%A7%D8%B3%D8%AA%D9%88%DA%A9/,laptop
163.jpg,dataset_images\163.jpg,https://torob.com/p/7275fa51-98e0-4660-8d3d-5acfb920b7f2/%D8%AA%D9%84%D9%81%D9%86-%D8%A8%DB%8C-%D8%B3%DB%8C%D9%85-%D9%BE%D8%A7%D9%86%D8%A7%D8%B3%D9%88%D9%86%DB%8C%DA%A9-%D9%85%D8%AF%D9%84-6811/,cell phone
163.jpg,dataset_images\163.jpg,https://torob.com/p/7275fa51-98e0-4660-8d3d-5acfb920b7f2/%D8%AA%D9%84%D9%81%D9%86-%D8%A8%DB%8C-%D8%B3%DB%8C%D9%85-%D9%BE%D8%A7%D9%86%D8%A7%D8%B3%D9%88%D9%86%DB%8C%DA%A9-%D9%85%D8%AF%D9%84-6811/,cell phone
164.jpg,dataset_images\164.jpg,https://torob.com/p/6503490e-025f-4481-9330-c33abf4b477a/%D8%AA%D9%84%D9%81%D9%86-%D8%AA%D8%AD%D8%AA-%D8%B4%D8%A8%DA%A9%D9%87-%DA%AF%D8%B1%D9%86%D8%AF%D8%A7%D8%B3%D8%AA%D8%B1%DB%8C%D9%85-%D9%85%D8%AF%D9%84-grp2602p/,remote
164.jpg,dataset_images\164.jpg,https://torob.com/p/6503490e-025f-4481-9330-c33abf4b477a/%D8%AA%D9%84%D9%81%D9%86-%D8%AA%D8%AD%D8%AA-%D8%B4%D8%A8%DA%A9%D9%87-%DA%AF%D8%B1%D9%86%D8%AF%D8%A7%D8%B3%D8%AA%D8%B1%DB%8C%D9%85-%D9%85%D8%AF%D9%84-grp2602p/,cell phone
165.jpg,dataset_images\165.jpg,https://torob.com/p/48709b54-99ba-406b-b60b-5e691f65d943/%D8%AA%D9%84%D9%81%D9%86-%D8%B3%D8%A7%D9%86%D8%AA%D8%B1%D8%A7%D9%84-%D9%BE%D8%A7%D9%86%D8%A7%D8%B3%D9%88%D9%86%DB%8C%DA%A9-%D9%85%D8%AF%D9%84-kx-t7665-%D8%A7%D8%B3%D8%AA%D9%88%DA%A9/,remote
165.jpg,dataset_images\165.jpg,https://torob.com/p/48709b54-99ba-406b-b60b-5e691f65d943/%D8%AA%D9%84%D9%81%D9%86-%D8%B3%D8%A7%D9%86%D8%AA%D8%B1%D8%A7%D9%84-%D9%BE%D8%A7%D9%86%D8%A7%D8%B3%D9%88%D9%86%DB%8C%DA%A9-%D9%85%D8%AF%D9%84-kx-t7665-%D8%A7%D8%B3%D8%AA%D9%88%DA%A9/,mouse
166.jpg,dataset_images\166.jpg,https://torob.com/p/ebadd4f4-c014-4142-91df-d016ce29e198/%D9%85%D8%A7%D8%B4%DB%8C%D9%86-%D8%AD%D8%B3%D8%A7%D8%A8-%D9%81%D8%A7%D9%86%D8%AA%D8%B2%DB%8C-%D8%B3%D8%A7%DB%8C%D8%B2-%D8%A8%D8%B2%D8%B1%DA%AF-%D8%AF%DA%A9%D9%85%D9%87-%D8%B1%D9%86%DA%AF%DB%8C-%D9%85%D8%AF%D9%84-817/,unknown
167.jpg,dataset_images\167.jpg,https://torob.com/p/45ea7e73-1505-4b8f-bb80-63cb5b509dd5/%D9%85%D8%A7%D8%B4%DB%8C%D9%86-%D8%AD%D8%B3%D8%A7%D8%A8-%D8%AC%D9%88%DB%8C%D9%86%D9%88%D8%B3-joinus-js-705/,cell phone
167.jpg,dataset_images\167.jpg,https://torob.com/p/45ea7e73-1505-4b8f-bb80-63cb5b509dd5/%D9%85%D8%A7%D8%B4%DB%8C%D9%86-%D8%AD%D8%B3%D8%A7%D8%A8-%D8%AC%D9%88%DB%8C%D9%86%D9%88%D8%B3-joinus-js-705/,keyboard
168.jpg,dataset_images\168.jpg,https://torob.com/p/20eac1c5-c212-40f2-adb5-bcb8b3caf051/%D9%85%D8%A7%D8%B4%DB%8C%D9%86-%D8%AD%D8%B3%D8%A7%D8%A8-%D9%85%D9%87%D9%86%D8%AF%D8%B3%DB%8C-%DA%A9%D8%A7%D8%B3%DB%8C%D9%88-%D9%85%D8%AF%D9%84-fx82ms/,remote
168.jpg,dataset_images\168.jpg,https://torob.com/p/20eac1c5-c212-40f2-adb5-bcb8b3caf051/%D9%85%D8%A7%D8%B4%DB%8C%D9%86-%D8%AD%D8%B3%D8%A7%D8%A8-%D9%85%D9%87%D9%86%D8%AF%D8%B3%DB%8C-%DA%A9%D8%A7%D8%B3%DB%8C%D9%88-%D9%85%D8%AF%D9%84-fx82ms/,cell phone
169.jpg,dataset_images\169.jpg,https://torob.com/p/937a35bb-6ece-424e-8bcd-2a4ef29f3d68/%D9%81%D8%B1-%D8%AA%D9%88%DA%A9%D8%A7%D8%B1-%D8%A7%D8%AE%D9%88%D8%A7%D9%86-%D9%85%D8%AF%D9%84-f19-%D9%85%D8%B4%DA%A9%DB%8C/,unknown
17.jpg,dataset_images\17.jpg,https://torob.com/p/0fb33b6f-a221-40a9-8da9-cd8f65970e2d/%DA%A9%D9%81%D8%B4-%D8%AC%D8%B1%D8%AF%D9%86-1-%D9%86%D8%A7%DB%8C%DA%A9%DB%8C-%D9%85%D8%B1%D8%AF%D8%A7%D9%86%D9%87-%DA%A9%D8%AF-6773-%D8%B7%D9%88%D8%B3%DB%8C-%D9%85%D8%B4%DA%A9%DB%8C/,person
170.jpg,dataset_images\170.jpg,https://torob.com/p/cda69e53-322c-4211-acde-1d7b14ce0682/%D9%81%D8%B1-%D8%AA%D9%88%DA%A9%D8%A7%D8%B1-%D8%A7%D9%84%D8%AA%D9%88%D9%86-%D9%85%D8%AF%D9%84-v500tb-%D9%85%D8%B4%DA%A9%DB%8C/,oven
171.jpg,dataset_images\171.jpg,https://torob.com/p/0859d7e8-3662-4916-9927-cd5490011822/%D8%A7%D8%AC%D8%A7%D9%82-%DA%AF%D8%A7%D8%B2-%D8%A7%D8%B3%D8%AA%DB%8C%D9%84-%D8%A8%DB%8C%D9%85%DA%A9%D8%AB-%D9%85%D8%AF%D9%84-5098-%D8%B3%DB%8C%D9%84%D9%88%D8%B1/,unknown
172.jpg,dataset_images\172.jpg,https://torob.com/p/3d947f1f-fa25-4a29-b3c3-622e222f7fc2/%D8%B3%D8%B1%D8%AE-%DA%A9%D9%86-%D8%A8%D8%AF%D9%88%D9%86-%D8%B1%D9%88%D8%BA%D9%86-%DA%AF%D9%88%D8%B3%D9%88%D9%86%DB%8C%DA%A9-%D9%85%D8%AF%D9%84-gaf958-%D8%B8%D8%B1%D9%81%DB%8C%D8%AA-8-%D9%84%DB%8C%D8%AA%D8%B1%DB%8C/,oven
172.jpg,dataset_images\172.jpg,https://torob.com/p/3d947f1f-fa25-4a29-b3c3-622e222f7fc2/%D8%B3%D8%B1%D8%AE-%DA%A9%D9%86-%D8%A8%D8%AF%D9%88%D9%86-%D8%B1%D9%88%D8%BA%D9%86-%DA%AF%D9%88%D8%B3%D9%88%D9%86%DB%8C%DA%A9-%D9%85%D8%AF%D9%84-gaf958-%D8%B8%D8%B1%D9%81%DB%8C%D8%AA-8-%D9%84%DB%8C%D8%AA%D8%B1%DB%8C/,carrot
173.jpg,dataset_images\173.jpg,https://torob.com/p/634efade-26d9-4177-9f29-8b5c41082b7c/%D9%85%D8%A7%DB%8C%DA%A9%D8%B1%D9%88%D9%88%DB%8C%D9%88-%D9%BE%D8%A7%D9%86%D8%A7%D8%B3%D9%88%D9%86%DB%8C%DA%A9-%D9%85%D8%AF%D9%84-st266b-%D8%B8%D8%B1%D9%81%DB%8C%D8%AA-20-%D9%84%DB%8C%D8%AA%D8%B1-%D8%A8%D8%A7-4-%D8%A8%D8%B1%D9%86%D8%A7%D9%85%D9%87/,microwave
173.jpg,dataset_images\173.jpg,https://torob.com/p/634efade-26d9-4177-9f29-8b5c41082b7c/%D9%85%D8%A7%DB%8C%DA%A9%D8%B1%D9%88%D9%88%DB%8C%D9%88-%D9%BE%D8%A7%D9%86%D8%A7%D8%B3%D9%88%D9%86%DB%8C%DA%A9-%D9%85%D8%AF%D9%84-st266b-%D8%B8%D8%B1%D9%81%DB%8C%D8%AA-20-%D9%84%DB%8C%D8%AA%D8%B1-%D8%A8%D8%A7-4-%D8%A8%D8%B1%D9%86%D8%A7%D9%85%D9%87/,tv
174.jpg,dataset_images\174.jpg,https://torob.com/p/3821d577-d6aa-431c-ba88-065e7e305ac4/%D9%87%D9%85%D8%B2%D9%86-%D8%A8%D8%B1%D9%82%DB%8C-%DA%AF%D9%88%D8%B3%D9%88%D9%86%DB%8C%DA%A9-%D9%85%D8%AF%D9%84-gsm-910-%DA%A9%D8%A7%D8%B3%D9%87-%D8%AF%D8%A7%D8%B1-10-%D9%84%DB%8C%D8%AA%D8%B1/,oven
175.jpg,dataset_images\175.jpg,https://torob.com/p/8d8d6c8e-3baa-437e-ae9d-a4300d53e454/%D8%A7%D8%B3%DB%8C%D8%A7%D8%A8-%D9%82%D9%87%D9%88%D9%87-%D9%85%D8%A8%D8%A7%D8%B4%DB%8C-%D9%85%D8%AF%D9%84-me-cg2307-%D8%AA%D9%88%D8%A7%D9%86-180-%D9%88%D8%A7%D8%AA/,cup
176.jpg,dataset_images\176.jpg,https://torob.com/p/a2a6ef04-7ff3-47bd-a313-1391b6e4dd25/%D8%B3%D8%B1%D9%88%DB%8C%D8%B3-%D9%82%D8%A7%D8%A8%D9%84%D9%85%D9%87-%D8%AF%D8%A8%D9%84%DB%8C%D9%88-%D8%A7%D9%85-%D8%A7%D9%81-%D9%85%D8%AF%D9%84-functional-7-%D9%BE%D8%A7%D8%B1%DA%86%D9%87/,unknown
177.jpg,dataset_images\177.jpg,https://torob.com/p/88722449-dce0-4745-bef2-0078fdc01c8b/%D9%85%D8%A7%D9%87%DB%8C%D8%AA%D8%A7%D8%A8%D9%87-%D8%A7%D8%B3%D8%AA%DB%8C%D9%84-%D9%86%DA%86%D8%B3%D8%A8-%D8%B3%D8%A7%DB%8C%D8%B2-30-%DA%A9%D9%81-%D9%84%DB%8C%D8%B2%D8%B1%DB%8C/,tennis racket
177.jpg,dataset_images\177.jpg,https://torob.com/p/88722449-dce0-4745-bef2-0078fdc01c8b/%D9%85%D8%A7%D9%87%DB%8C%D8%AA%D8%A7%D8%A8%D9%87-%D8%A7%D8%B3%D8%AA%DB%8C%D9%84-%D9%86%DA%86%D8%B3%D8%A8-%D8%B3%D8%A7%DB%8C%D8%B2-30-%DA%A9%D9%81-%D9%84%DB%8C%D8%B2%D8%B1%DB%8C/,vase
177.jpg,dataset_images\177.jpg,https://torob.com/p/88722449-dce0-4745-bef2-0078fdc01c8b/%D9%85%D8%A7%D9%87%DB%8C%D8%AA%D8%A7%D8%A8%D9%87-%D8%A7%D8%B3%D8%AA%DB%8C%D9%84-%D9%86%DA%86%D8%B3%D8%A8-%D8%B3%D8%A7%DB%8C%D8%B2-30-%DA%A9%D9%81-%D9%84%DB%8C%D8%B2%D8%B1%DB%8C/,scissors
178.jpg,dataset_images\178.jpg,https://torob.com/p/ee8a0c37-fabf-4949-a0ea-8a652ec7a1c6/%D9%85%D8%A7%D9%87%DB%8C%D8%AA%D8%A7%D8%A8%D9%87-%DA%86%D8%AF%D9%86%DB%8C-%D8%B3%D8%A7%DB%8C%D8%B2-30-%D9%85%D8%AF%D9%84-wok/,mouse
178.jpg,dataset_images\178.jpg,https://torob.com/p/ee8a0c37-fabf-4949-a0ea-8a652ec7a1c6/%D9%85%D8%A7%D9%87%DB%8C%D8%AA%D8%A7%D8%A8%D9%87-%DA%86%D8%AF%D9%86%DB%8C-%D8%B3%D8%A7%DB%8C%D8%B2-30-%D9%85%D8%AF%D9%84-wok/,bowl
179.jpg,dataset_images\179.jpg,https://torob.com/p/16441e36-95ec-4f90-a946-e478faac1634/%D8%A7%D8%B3%D9%BE%D8%B1%D8%B3%D9%88%D8%B3%D8%A7%D8%B2-%D8%AF%D9%84%D9%88%D9%86%DA%AF%DB%8C-%D9%85%D8%AF%D9%84-ec890-%D8%B1%D9%86%DA%AF-%D8%B3%D8%A8%D8%B2/,unknown
18.jpg,dataset_images\18.jpg,https://torob.com/p/061d4359-94d5-48fb-8fbb-47d67ff9bbb0/%D8%AF%D9%85%D9%BE%D8%A7%DB%8C%DB%8C-%D9%85%D8%B1%D8%AF%D8%A7%D9%86%D9%87-%D9%86%D8%B1%D9%85-%D9%88-%D8%B3%D8%A8%DA%A9-%D8%B3%D8%A7%DB%8C%D8%B2-40-%D8%AA%D8%A7-45/,baseball glove
180.jpg,dataset_images\180.jpg,https://torob.com/p/bb392053-5c44-4ffd-b721-4b86666a9ff9/%DA%A9%D9%81-%D8%B3%D8%A7%D8%B2-%D8%B4%DB%8C%D8%B1-%D9%84%D9%BE%D8%B1%D8%B3%D9%88-%D9%85%D8%AF%D9%84-lpcffm0027-4-%DA%A9%D8%A7%D8%B1%D9%87/,cell phone
181.jpg,dataset_images\181.jpg,https://torob.com/p/94cb8d50-ddb9-42a1-aca4-90d296594e4a/%D8%BA%D8%B0%D8%A7%D8%B3%D8%A7%D8%B2-%D9%81%DB%8C%D9%84%DB%8C%D9%BE%D8%B3-%D9%85%D8%AF%D9%84-hr7778-%D8%B8%D8%B1%D9%81%DB%8C%D8%AA-34-%D9%84%DB%8C%D8%AA%D8%B1-%D8%A8%D8%A7-%D8%A8%D8%AF%D9%86%D9%87-%D8%A7%D8%B3%D8%AA%DB%8C%D9%84-%D8%B6%D8%AF-%D8%B2%D9%86%DA%AF-%D9%88-12-%D8%B3%D8%B1%D8%B9%D8%AA%D9%87/,unknown
182.jpg,dataset_images\182.jpg,https://torob.com/p/0a0bdf24-ae60-43e1-bc56-8b665a8da586/%D9%82%D9%87%D9%88%D9%87-%D8%B3%D8%A7%D8%B2-%D9%82%D8%A7%D8%A8%D9%84-%D8%AD%D9%85%D9%84-%D9%84%D9%BE%D8%B1%D8%B3%D9%88-%D9%85%D8%AF%D9%84-lpcffm4in1-4-%D8%AF%D8%B1-1-%D8%A8%D8%A7-%DA%A9%D9%81-%D8%B3%D8%A7%D8%B2-%D8%B4%DB%8C%D8%B1/,unknown
183.jpg,dataset_images\183.jpg,https://torob.com/p/49047150-993f-4466-ba9f-b2bfcfc05088/%D9%85%D8%AE%D9%84%D9%88%D8%B7-%DA%A9%D9%86-%D9%86%DB%8C%D9%86%D8%AC%D8%A7-%D9%85%D8%AF%D9%84-bn750-%D8%B8%D8%B1%D9%81%DB%8C%D8%AA-21-%D9%84%DB%8C%D8%AA%D8%B1-2-%DA%A9%D8%A7%D8%B1%D9%87-3-%D8%B3%D8%B1%D8%B9%D8%AA%D9%87/,unknown
184.jpg,dataset_images\184.jpg,https://torob.com/p/b2b44e41-8094-42d3-ba8b-6bd8be080b45/%D8%A7%D8%B3%DB%8C%D8%A7%D8%A8-%D9%82%D9%87%D9%88%D9%87-%D9%84%D9%BE%D8%B1%D8%B3%D9%88-%D9%85%D8%AF%D9%84-lpcffct0022bk/,unknown
185.jpg,dataset_images\185.jpg,https://torob.com/p/5edb1b45-0d38-4683-9f8b-2fb0c80e16e1/%DA%86%D8%B1%D8%A7%D8%BA-%D8%A7%D9%88%DB%8C%D8%B2-%D8%AA%D8%B2%DB%8C%DB%8C%D9%86%DB%8C-%D9%81%D9%84%D8%B2%DB%8C-%D8%B3%D9%82%D9%81%DB%8C-%DA%A9%D8%AF-116/,vase
186.jpg,dataset_images\186.jpg,https://torob.com/p/b1150bbc-7859-4e54-8d3b-fffc69b8cae6/%D8%A7%D8%A8%D8%A7%DA%98%D9%88%D8%B1-%D8%A7%DB%8C%D8%B3%D8%AA%D8%A7%D8%AF%D9%87-%D9%85%D8%AF%D9%84-507689-%D8%B3%D9%87-%D9%BE%D8%A7%DB%8C%D9%87-%D8%B7%D8%A8%D9%82%D9%87-%D8%AF%D8%A7%D8%B1-%D9%86%D8%A7%D8%B1%D9%86%D8%AC%DB%8C/,unknown
187.jpg,dataset_images\187.jpg,https://torob.com/p/6903ee10-51ec-4007-ab12-123f94912492/%D8%A7%D8%A8%D8%A7%DA%98%D9%88%D8%B1-%D8%B1%D9%88%D9%85%DB%8C%D8%B2%DB%8C-%D8%A7%DB%8C%DA%A9%DB%8C%D8%A7-%D9%85%D8%AF%D9%84-rstid/,unknown
188.jpg,dataset_images\188.jpg,https://torob.com/p/00071f46-ae65-4f57-a99d-ee09822588f2/%D8%AC%D8%A7-%D8%AF%D8%B3%D8%AA%D9%85%D8%A7%D9%84-%D8%A7%D8%B3%D8%AA%D9%88%D8%A7%D9%86%D9%87-%D8%A7%DB%8C-%D9%84%DB%8C%D9%85%D9%88%D9%86-%D9%85%D8%AF%D9%84-dh2370-%D8%B1%D9%88%DB%8C%D9%87-%DA%86%D9%88%D8%A8%DB%8C/,vase
189.jpg,dataset_images\189.jpg,https://torob.com/p/444375ec-ab0d-4661-baea-4a981e25d4f4/%D8%AC%D8%A7-%D8%AF%D8%B3%D8%AA%D9%85%D8%A7%D9%84-%DA%A9%D8%A7%D8%BA%D8%B0%DB%8C-%D8%AE%D8%B1%DA%AF%D9%88%D8%B4-%D9%87%D9%88%D9%81%DB%8C%D9%84%D9%88%D8%B3/,suitcase
19.jpg,dataset_images\19.jpg,https://torob.com/p/899f17c4-a76e-41ce-a718-6b3275bebb1c/%DA%A9%D9%81%D8%B4-%D8%B1%D9%88%D8%B2%D9%85%D8%B1%D9%87-%D9%85%D8%B1%D8%AF%D8%A7%D9%86%D9%87-artan-%D8%B1%D9%86%DA%AF-%D8%B3%D9%81%DB%8C%D8%AF/,unknown
190.jpg,dataset_images\190.jpg,https://torob.com/p/d4b775db-1f08-4d2f-aad3-e9c989a0093b/%D8%B3%DA%A9%D9%87-20-%D8%B1%DB%8C%D8%A7%D9%84-1357-ms63-%D9%85%D8%AD%D9%85%D8%AF-%D8%B1%D8%B6%D8%A7-%D8%B4%D8%A7%D9%87/,unknown
191.jpg,dataset_images\191.jpg,https://torob.com/p/56542fee-7f96-424e-8faa-6f178183a7b9/%D8%B3%D8%A7%D8%B9%D8%AA-%D8%AF%DB%8C%D9%88%D8%A7%D8%B1%DB%8C-%D8%B7%D9%84%D8%A7%DB%8C%DB%8C-%D9%85%D8%AF%D8%B1%D9%86-%D9%82%D8%B7%D8%B1-60-%D8%A7%D8%B1%D8%AA%D9%81%D8%A7%D8%B9-85/,clock
191.jpg,dataset_images\191.jpg,https://torob.com/p/56542fee-7f96-424e-8faa-6f178183a7b9/%D8%B3%D8%A7%D8%B9%D8%AA-%D8%AF%DB%8C%D9%88%D8%A7%D8%B1%DB%8C-%D8%B7%D9%84%D8%A7%DB%8C%DB%8C-%D9%85%D8%AF%D8%B1%D9%86-%D9%82%D8%B7%D8%B1-60-%D8%A7%D8%B1%D8%AA%D9%81%D8%A7%D8%B9-85/,clock
192.jpg,dataset_images\192.jpg,https://torob.com/p/1a953516-4904-4d55-b7ad-6b30e3c199cc/%D8%B3%D8%A7%D8%B9%D8%AA-%D8%AF%DB%8C%D9%88%D8%A7%D8%B1%DB%8C-%D9%BE%D8%B1-%D8%B7%D8%B1%D8%AD-%D9%85%D8%A7%D9%87-%DA%86%D8%B1%D8%A7%D8%BA%D8%AF%D8%A7%D8%B1/,unknown
193.jpg,dataset_images\193.jpg,https://torob.com/p/b9647716-bd65-4122-8aed-bdcfa7e2f17c/%D8%B3%D8%A7%D8%B9%D8%AA-%D8%AF%DB%8C%D9%88%D8%A7%D8%B1%DB%8C-%DA%86%D9%88%D8%A8%DB%8C-%D9%86%D9%88%D8%B1%D8%A7%DA%A9%D8%B3-%D9%85%D8%AF%D9%84-3121/,clock
194.jpg,dataset_images\194.jpg,https://torob.com/p/4e47d29c-f134-4ca3-8ef2-04374ab3845b/%D8%AC%D8%A7%D8%B1%D9%88%D8%A8%D8%B1%D9%82%DB%8C-%D8%A8%D9%88%D8%B4-%D9%85%D8%AF%D9%84-bgl8pro5/,cell phone
195.jpg,dataset_images\195.jpg,https://torob.com/p/8f787fd3-1457-4d8d-958f-9f30bb850ef5/%D8%A7%D8%AA%D9%88-%D8%A8%D8%AE%D8%A7%D8%B1-%D8%AA%D9%81%D8%A7%D9%84-%D9%85%D8%AF%D9%84-fv9845/,airplane
196.jpg,dataset_images\196.jpg,https://torob.com/p/45a93df5-d383-42b7-a0a3-94d6533e45c5/%D8%A7%D8%AA%D9%88-%D8%A8%D8%AE%D8%A7%D8%B1-%D8%AA%D9%81%D8%A7%D9%84-%D9%85%D8%AF%D9%84-fv5718-%D8%B8%D8%B1%D9%81%DB%8C%D8%AA-270-%D9%85%DB%8C%D9%84%DB%8C-%D9%84%DB%8C%D8%AA%D8%B1/,cell phone
197.jpg,dataset_images\197.jpg,https://torob.com/p/2995451e-71a0-487a-9c2f-40a6398dfbcb/%D8%A8%D8%AE%D8%A7%D8%B1%DA%AF%D8%B1-%D8%AF%D8%B3%D8%AA%DB%8C-%D8%AA%D9%81%D8%A7%D9%84-%D9%85%D8%AF%D9%84-8230/,scissors
198.jpg,dataset_images\198.jpg,https://torob.com/p/608c6b50-94f4-4c98-a508-ba1ba93b7336/%D9%85%D8%A7%D8%B4%DB%8C%D9%86-%D9%84%D8%A8%D8%A7%D8%B3%D8%B4%D9%88%DB%8C%DB%8C-%D8%A7%D9%84-%D8%AC%DB%8C-%D9%85%D8%AF%D9%84-wy1409mvp-%D8%B8%D8%B1%D9%81%DB%8C%D8%AA-9-%DA%A9%DB%8C%D9%84%D9%88%DA%AF%D8%B1%D9%85-%D8%AF%D8%B1%D8%A8-%D8%A7%D8%B2-%D8%AC%D9%84%D9%88/,unknown
199.jpg,dataset_images\199.jpg,https://torob.com/p/3c9df2fd-13b9-4275-a566-010e667f746f/%D8%B5%D9%86%D8%AF%D9%84%DB%8C-%DA%AF%DB%8C%D9%85%DB%8C%D9%86%DA%AF-razer-s700-%D8%B1%D9%86%DA%AF-%D8%A7%D8%A8%DB%8C-%D9%81%D9%88%D9%84%D8%A7%D8%AF%DB%8C/,traffic light
199.jpg,dataset_images\199.jpg,https://torob.com/p/3c9df2fd-13b9-4275-a566-010e667f746f/%D8%B5%D9%86%D8%AF%D9%84%DB%8C-%DA%AF%DB%8C%D9%85%DB%8C%D9%86%DA%AF-razer-s700-%D8%B1%D9%86%DA%AF-%D8%A7%D8%A8%DB%8C-%D9%81%D9%88%D9%84%D8%A7%D8%AF%DB%8C/,airplane
2.jpg,dataset_images\2.jpg,https://torob.com/p/74d6ae2f-0320-4f4e-bf98-a0a527501cb6/%D8%B5%D9%86%D8%AF%D9%84-%D8%B2%D9%86%D8%A7%D9%86%D9%87-%D9%85%D8%AF%D9%84-gu05131-%D9%88-hq07118/,scissors
20.jpg,dataset_images\20.jpg,https://torob.com/p/10691c51-b33e-4b25-8b4f-75c750286c6a/%D8%A8%D8%A7%D9%81%D8%AA-%D9%85%D8%B1%D8%AF%D8%A7%D9%86%D9%87-%D9%81%D9%86%D8%AF%D9%82%DB%8C-%D8%B3%D8%A7%DB%8C%D8%B2-%D9%81%D8%B1%DB%8C-%D8%B1%D9%86%DA%AF-%D9%85%D8%B4%DA%A9%DB%8C-%D9%88-%D8%B7%D9%88%D8%B3%DB%8C-%D9%88-%D8%B3%D9%81%DB%8C%D8%AF/,unknown
200.jpg,dataset_images\200.jpg,https://torob.com/p/3bb42ba3-bd7f-4d06-831e-ef47066e3949/%D8%B5%D9%86%D8%AF%D9%84%DB%8C-%D8%A7%D9%BE%D9%86%DB%8C-%D8%AA%D8%AF%DB%8C/,chair
200.jpg,dataset_images\200.jpg,https://torob.com/p/3bb42ba3-bd7f-4d06-831e-ef47066e3949/%D8%B5%D9%86%D8%AF%D9%84%DB%8C-%D8%A7%D9%BE%D9%86%DB%8C-%D8%AA%D8%AF%DB%8C/,chair
201.jpg,dataset_images\201.jpg,https://www.digikala.com/product/dkp-13605566/%DA%A9%D9%81%D8%B4-%D9%BE%DB%8C%D8%A7%D8%AF%D9%87-%D8%B1%D9%88%DB%8C-%D9%85%D8%B1%D8%AF%D8%A7%D9%86%D9%87-%D9%85%D8%AF%D9%84-m258/?product_id=13605566&variant_id=64991746,kite
202.jpg,dataset_images\202.jpg,https://www.digikala.com/product/dkp-3263558/%D8%AA%DB%8C%D8%B4%D8%B1%D8%AA-%D8%A2%D8%B3%D8%AA%DB%8C%D9%86-%DA%A9%D9%88%D8%AA%D8%A7%D9%87-%D9%85%D8%B1%D8%AF%D8%A7%D9%86%D9%87-%DA%A9%D8%AF-w338/?product_id=3263558&variant_id=10519712#gallery,person
203.jpg,dataset_images\203.jpg,https://www.digikala.com/product/dkp-22260699/%D8%B4%D9%84%D9%88%D8%A7%D8%B1%DA%A9-%D9%85%D8%B1%D8%AF%D8%A7%D9%86%D9%87-%D9%85%D8%AF%D9%84-summer-times/?product_id=22260699&variant_id=81751382#gallery,person
204.jpg,dataset_images\204.jpg,https://www.digikala.com/product/dkp-20943976/%D9%BE%DB%8C%D8%B1%D8%A7%D9%87%D9%86-%D8%A2%D8%B3%D8%AA%DB%8C%D9%86-%D8%A8%D9%84%D9%86%D8%AF-%DB%8C%D9%82%D9%87-%D8%A7%DB%8C%D8%B3%D8%AA%D8%A7%D8%AF%D9%87-%D9%85%D8%B1%D8%AF%D8%A7%D9%86%D9%87-%D9%85%D8%AF%D9%84-%D8%A7%D9%84%D9%88%D9%86%D8%AF-%DA%A9%D8%AF-toc/?product_id=20943976&variant_id=75043538#gallery,person
205.jpg,dataset_images\205.jpg,https://www.digikala.com/product/dkp-22315784/%D8%B4%D9%84%D9%88%D8%A7%D8%B1%DA%A9-%D8%B1%D8%A7%D8%AD%D8%AA%DB%8C-%D9%85%D8%B1%D8%AF%D8%A7%D9%86%D9%87-%D8%A2%D8%B1%DB%8C%D8%A7%D9%86-%D9%86%D8%AE-%D8%A8%D8%A7%D9%81-%D9%85%D8%AF%D9%84-1932/?product_id=22315784&variant_id=81983207#gallery,person
206.jpg,dataset_images\206.jpg,https://www.digikala.com/product/dkp-14239713/%D8%AA%DB%8C-%D8%B4%D8%B1%D8%AA-%D8%A2%D8%B3%D8%AA%DB%8C%D9%86-%DA%A9%D9%88%D8%AA%D8%A7%D9%87-%D9%85%D8%B1%D8%AF%D8%A7%D9%86%D9%87-%D9%85%D8%AF%D9%84-%DA%AF%D9%86%DA%AF-%D9%84%D8%B4-2009-%DA%A9%D8%AF-mo241/?product_id=14239713&variant_id=82632137#gallery,person
207.jpg,dataset_images\207.jpg,https://www.digikala.com/product/dkp-16470096/%D9%BE%DB%8C%D8%B1%D8%A7%D9%87%D9%86-%D8%A2%D8%B3%D8%AA%DB%8C%D9%86-%DA%A9%D9%88%D8%AA%D8%A7%D9%87-%DB%8C%D9%82%D9%87-%D8%A8%D8%B1%DA%AF%D8%B1%D8%AF%D8%A7%D9%86-%D9%85%D8%B1%D8%AF%D8%A7%D9%86%D9%87-%D9%85%D8%AF%D9%84-198670/?product_id=16470096&variant_id=56957315#gallery,person
208.jpg,dataset_images\208.jpg,https://www.digikala.com/product/dkp-21762688/%D9%BE%DB%8C%D8%B1%D8%A7%D9%87%D9%86-%D8%A2%D8%B3%D8%AA%DB%8C%D9%86-%D8%A8%D9%84%D9%86%D8%AF-%DB%8C%D9%82%D9%87-%D8%AF%DA%A9%D9%85%D9%87-%D8%AF%D8%A7%D8%B1-%D8%A8%D8%A7-%D8%AA%D9%86%D8%AE%D9%88%D8%B1-%D9%85%D8%B9%D9%85%D9%88%D9%84%DB%8C-regular-fit-%D9%85%D8%B1%D8%AF%D8%A7%D9%86%D9%87-%D9%85%D8%AF%D9%84-509/?product_id=21762688&variant_id=79005543#gallery,unknown
209.jpg,dataset_images\209.jpg,https://www.digikala.com/product/dkp-20608853/%D9%BE%DB%8C%D8%B1%D8%A7%D9%87%D9%86-%D8%A2%D8%B3%D8%AA%DB%8C%D9%86-%D8%A8%D9%84%D9%86%D8%AF-%DB%8C%D9%82%D9%87-%D8%A8%D8%B1%DA%AF%D8%B1%D8%AF%D8%A7%D9%86-%D9%85%D8%B1%D8%AF%D8%A7%D9%86%D9%87-%D9%85%D8%AF%D9%84-%D9%85%DB%8C-%D8%B3%DB%8C-%DA%A9%D8%AF-20608853/?product_id=20608853&variant_id=73133670#gallery,person
21.jpg,dataset_images\21.jpg,https://torob.com/p/d0a1518e-6c6b-485a-ba41-678f277524a4/%D9%BE%D9%84%DB%8C%D9%88%D8%B1-%D8%A8%D8%A7%D9%81%D8%AA-%D9%85%D8%B1%D8%AF%D8%A7%D9%86%D9%87-%DB%8C%D9%82%D9%87-%D8%A7%D8%B3%DA%A9%DB%8C-%D9%85%D8%AF%D9%84-%DA%98%D8%A7%DA%A9%D8%A7%D8%B1%D8%AA-%D9%85%D8%B4%DA%A9%DB%8C-%D8%B3%D9%81%DB%8C%D8%AF/,person
210.jpg,dataset_images\210.jpg,https://www.digikala.com/product/dkp-22278346/%D8%B4%D9%84%D9%88%D8%A7%D8%B1-%D8%B1%D8%A7%D8%B3%D8%AA%D9%87-%D9%85%D8%B1%D8%AF%D8%A7%D9%86%D9%87-%D9%81%D8%A7%D9%82%D8%AF-%DA%A9%D8%B4%D8%B3%D8%A7%D9%86%DB%8C-%D9%85%D8%AF%D9%84-pfcr3100/?ad_variant_id=81700563&product_id=22278346&variant_id=81700563#gallery,unknown
211.jpg,dataset_images\211.jpg,https://www.digikala.com/product/dkp-15629507/%D8%B4%D9%84%D9%88%D8%A7%D8%B1-%D9%85%D8%B1%D8%AF%D8%A7%D9%86%D9%87-%D9%85%D8%AF%D9%84-%D9%BE%D8%A7%D8%B1%DA%86%D9%87-%D8%A7%DB%8C-nk-0101/?product_id=15629507&variant_id=64676785#gallery,unknown
212.jpg,dataset_images\212.jpg,https://www.digikala.com/product/dkp-22465993/%D8%B4%D9%84%D9%88%D8%A7%D8%B1-%D9%85%D8%B1%D8%AF%D8%A7%D9%86%D9%87-%D9%85%D8%A7%D9%85-%D8%A7%D8%B3%D8%AA%D8%A7%DB%8C%D9%84-%DA%A9%D8%AF-a-1232/?product_id=22465993&variant_id=82686752#gallery,person
213.jpg,dataset_images\213.jpg,https://www.digikala.com/product/dkp-22219951/%D8%B4%D9%84%D9%88%D8%A7%D8%B1-%D8%AC%DB%8C%D9%86-%D9%85%D8%B1%D8%AF%D8%A7%D9%86%D9%87-%D9%86%DB%8C%D9%85%D8%A8%DA%AF-%D8%A7%DB%8C%D8%B2%DB%8C-%D8%AF%D9%88-%D9%85%D8%AF%D9%84-pmd01997/?product_id=22219951&variant_id=81673942#gallery,unknown
214.jpg,dataset_images\214.jpg,https://www.digikala.com/product/dkp-21464827/%D8%B4%D9%84%D9%88%D8%A7%D8%B1-%D8%AC%DB%8C%D9%86-%D8%A8%DA%AF-%D9%85%D8%B1%D8%AF%D8%A7%D9%86%D9%87-%D8%AA%D9%88%D8%B1%DB%8C%D9%88%D8%B1-%D9%85%D8%AF%D9%84-4030145/?product_id=21464827&variant_id=78090810#gallery,suitcase
215.jpg,dataset_images\215.jpg,https://www.digikala.com/product/dkp-378414/%DA%A9%D8%A7%D9%BE%D8%B4%D9%86-%D9%85%D8%B1%D8%AF%D8%A7%D9%86%D9%87-%D8%AA%DA%A9%D8%AA%DB%8C%DA%A9%D8%A7%D9%84-%D9%85%D8%AF%D9%84-511/?product_id=378414&variant_id=58734330#gallery,person
216.jpg,dataset_images\216.jpg,https://www.digikala.com/product/dkp-9763774/%DA%A9%D8%A7%D9%BE%D8%B4%D9%86-%D9%85%D8%B1%D8%AF%D8%A7%D9%86%D9%87-%D8%A7%D9%88%D8%AA-%D8%AF%D9%88%D8%B1-%D9%85%D8%AF%D9%84-%DA%AF%D9%88%D8%B1%D8%AA%DA%A9%D8%B3-%D8%AF%D9%88-%D9%BE%D9%88%D8%B4/?product_id=9763774&variant_id=76456297#gallery,person
217.jpg,dataset_images\217.jpg,https://www.digikala.com/product/dkp-17199434/%D9%BE%D8%A7%D9%81%D8%B1-%D9%85%D8%B1%D8%AF%D8%A7%D9%86%D9%87-%D9%85%D8%AF%D9%84-%D8%AF%D9%88%D8%B1%D9%88-%D8%B6%D8%AF%D8%A2%D8%A8-%DA%A9%D8%AF-nb2025bb/?product_id=17199434&variant_id=61166832#gallery,person
218.jpg,dataset_images\218.jpg,https://www.digikala.com/product/dkp-13710636/%D9%BE%D9%84%DB%8C%D9%88%D8%B1-%D9%85%D8%B1%D8%AF%D8%A7%D9%86%D9%87-%D9%84%DB%8C%D9%88%D8%B1%D8%AC%DB%8C-%D9%85%D8%AF%D9%84-mod-392122/?product_id=13710636&variant_id=48433082#gallery,unknown
219.jpg,dataset_images\219.jpg,https://www.digikala.com/product/dkp-7525634/%D9%BE%D9%84%DB%8C%D9%88%D8%B1-%D9%85%D8%B1%D8%AF%D8%A7%D9%86%D9%87-%D9%85%D8%AF%D9%84-%D8%A8%D8%A7%D9%81%D8%AA-%DB%8C%D9%82%D9%87-%DA%AF%D8%B1%D8%AF/?product_id=7525634&variant_id=22649219#gallery,person
22.jpg,dataset_images\22.jpg,https://torob.com/p/10b19aa2-d245-41aa-8b7d-8f05f0e7ee4d/%DA%A9%D8%A7%D9%BE%D8%B4%D9%86-%D8%A8%D8%A7%DA%A9%D8%B3%DB%8C-%D9%85%D8%B1%D8%AF%D8%A7%D9%86%D9%87-%D9%BE%D8%A7%D8%B1%DA%86%D9%87-%D8%B3%DB%8C%D9%84%DB%8C%DA%A9%D9%88%D9%86%DB%8C-%D8%B6%D8%AF%D8%A7%D8%A8-%D8%B1%D9%86%DA%AF-%D9%85%D8%B4%DA%A9%DB%8C-%D8%B3%D8%A7%DB%8C%D8%B2-l-%D8%AA%D8%A7-2xl/,potted plant
22.jpg,dataset_images\22.jpg,https://torob.com/p/10b19aa2-d245-41aa-8b7d-8f05f0e7ee4d/%DA%A9%D8%A7%D9%BE%D8%B4%D9%86-%D8%A8%D8%A7%DA%A9%D8%B3%DB%8C-%D9%85%D8%B1%D8%AF%D8%A7%D9%86%D9%87-%D9%BE%D8%A7%D8%B1%DA%86%D9%87-%D8%B3%DB%8C%D9%84%DB%8C%DA%A9%D9%88%D9%86%DB%8C-%D8%B6%D8%AF%D8%A7%D8%A8-%D8%B1%D9%86%DA%AF-%D9%85%D8%B4%DA%A9%DB%8C-%D8%B3%D8%A7%DB%8C%D8%B2-l-%D8%AA%D8%A7-2xl/,potted plant
22.jpg,dataset_images\22.jpg,https://torob.com/p/10b19aa2-d245-41aa-8b7d-8f05f0e7ee4d/%DA%A9%D8%A7%D9%BE%D8%B4%D9%86-%D8%A8%D8%A7%DA%A9%D8%B3%DB%8C-%D9%85%D8%B1%D8%AF%D8%A7%D9%86%D9%87-%D9%BE%D8%A7%D8%B1%DA%86%D9%87-%D8%B3%DB%8C%D9%84%DB%8C%DA%A9%D9%88%D9%86%DB%8C-%D8%B6%D8%AF%D8%A7%D8%A8-%D8%B1%D9%86%DA%AF-%D9%85%D8%B4%DA%A9%DB%8C-%D8%B3%D8%A7%DB%8C%D8%B2-l-%D8%AA%D8%A7-2xl/,person
22.jpg,dataset_images\22.jpg,https://torob.com/p/10b19aa2-d245-41aa-8b7d-8f05f0e7ee4d/%DA%A9%D8%A7%D9%BE%D8%B4%D9%86-%D8%A8%D8%A7%DA%A9%D8%B3%DB%8C-%D9%85%D8%B1%D8%AF%D8%A7%D9%86%D9%87-%D9%BE%D8%A7%D8%B1%DA%86%D9%87-%D8%B3%DB%8C%D9%84%DB%8C%DA%A9%D9%88%D9%86%DB%8C-%D8%B6%D8%AF%D8%A7%D8%A8-%D8%B1%D9%86%DA%AF-%D9%85%D8%B4%DA%A9%DB%8C-%D8%B3%D8%A7%DB%8C%D8%B2-l-%D8%AA%D8%A7-2xl/,person
22.jpg,dataset_images\22.jpg,https://torob.com/p/10b19aa2-d245-41aa-8b7d-8f05f0e7ee4d/%DA%A9%D8%A7%D9%BE%D8%B4%D9%86-%D8%A8%D8%A7%DA%A9%D8%B3%DB%8C-%D9%85%D8%B1%D8%AF%D8%A7%D9%86%D9%87-%D9%BE%D8%A7%D8%B1%DA%86%D9%87-%D8%B3%DB%8C%D9%84%DB%8C%DA%A9%D9%88%D9%86%DB%8C-%D8%B6%D8%AF%D8%A7%D8%A8-%D8%B1%D9%86%DA%AF-%D9%85%D8%B4%DA%A9%DB%8C-%D8%B3%D8%A7%DB%8C%D8%B2-l-%D8%AA%D8%A7-2xl/,potted plant
22.jpg,dataset_images\22.jpg,https://torob.com/p/10b19aa2-d245-41aa-8b7d-8f05f0e7ee4d/%DA%A9%D8%A7%D9%BE%D8%B4%D9%86-%D8%A8%D8%A7%DA%A9%D8%B3%DB%8C-%D9%85%D8%B1%D8%AF%D8%A7%D9%86%D9%87-%D9%BE%D8%A7%D8%B1%DA%86%D9%87-%D8%B3%DB%8C%D9%84%DB%8C%DA%A9%D9%88%D9%86%DB%8C-%D8%B6%D8%AF%D8%A7%D8%A8-%D8%B1%D9%86%DA%AF-%D9%85%D8%B4%DA%A9%DB%8C-%D8%B3%D8%A7%DB%8C%D8%B2-l-%D8%AA%D8%A7-2xl/,tie
22.jpg,dataset_images\22.jpg,https://torob.com/p/10b19aa2-d245-41aa-8b7d-8f05f0e7ee4d/%DA%A9%D8%A7%D9%BE%D8%B4%D9%86-%D8%A8%D8%A7%DA%A9%D8%B3%DB%8C-%D9%85%D8%B1%D8%AF%D8%A7%D9%86%D9%87-%D9%BE%D8%A7%D8%B1%DA%86%D9%87-%D8%B3%DB%8C%D9%84%DB%8C%DA%A9%D9%88%D9%86%DB%8C-%D8%B6%D8%AF%D8%A7%D8%A8-%D8%B1%D9%86%DA%AF-%D9%85%D8%B4%DA%A9%DB%8C-%D8%B3%D8%A7%DB%8C%D8%B2-l-%D8%AA%D8%A7-2xl/,person
22.jpg,dataset_images\22.jpg,https://torob.com/p/10b19aa2-d245-41aa-8b7d-8f05f0e7ee4d/%DA%A9%D8%A7%D9%BE%D8%B4%D9%86-%D8%A8%D8%A7%DA%A9%D8%B3%DB%8C-%D9%85%D8%B1%D8%AF%D8%A7%D9%86%D9%87-%D9%BE%D8%A7%D8%B1%DA%86%D9%87-%D8%B3%DB%8C%D9%84%DB%8C%DA%A9%D9%88%D9%86%DB%8C-%D8%B6%D8%AF%D8%A7%D8%A8-%D8%B1%D9%86%DA%AF-%D9%85%D8%B4%DA%A9%DB%8C-%D8%B3%D8%A7%DB%8C%D8%B2-l-%D8%AA%D8%A7-2xl/,umbrella
22.jpg,dataset_images\22.jpg,https://torob.com/p/10b19aa2-d245-41aa-8b7d-8f05f0e7ee4d/%DA%A9%D8%A7%D9%BE%D8%B4%D9%86-%D8%A8%D8%A7%DA%A9%D8%B3%DB%8C-%D9%85%D8%B1%D8%AF%D8%A7%D9%86%D9%87-%D9%BE%D8%A7%D8%B1%DA%86%D9%87-%D8%B3%DB%8C%D9%84%DB%8C%DA%A9%D9%88%D9%86%DB%8C-%D8%B6%D8%AF%D8%A7%D8%A8-%D8%B1%D9%86%DA%AF-%D9%85%D8%B4%DA%A9%DB%8C-%D8%B3%D8%A7%DB%8C%D8%B2-l-%D8%AA%D8%A7-2xl/,tv
220.jpg,dataset_images\220.jpg,https://www.digikala.com/product/dkp-17386251/%D9%BE%D9%84%DB%8C%D9%88%D8%B1-%D9%85%D8%B1%D8%AF%D8%A7%D9%86%D9%87-%D9%85%D8%AF%D9%84-c10/?product_id=17386251&variant_id=73798051#gallery,unknown
221.jpg,dataset_images\221.jpg,https://www.digikala.com/product/dkp-16864177/%D9%BE%D9%84%DB%8C%D9%88%D8%B1-%D9%85%D8%B1%D8%AF%D8%A7%D9%86%D9%87-%D9%85%D8%AF%D9%84-%DB%8C%D9%82%D9%87-%DA%AF%D8%B1%D8%AF-%D8%AE%D8%B7-%D8%AF%D8%A7%D8%B1/?product_id=16864177&variant_id=71948509#gallery,umbrella
222.jpg,dataset_images\222.jpg,https://www.digikala.com/product/dkp-1070059/%D9%87%D9%88%D8%AF%DB%8C-%D9%85%D8%B1%D8%AF%D8%A7%D9%86%D9%87-%D8%B7%D8%B1%D8%AD-%D8%A7%DA%98%D8%AF%D9%87%D8%A7%DB%8C-%D8%A2%D8%A8%DB%8C-%DA%A9%D8%AF-b14/?product_id=1070059&variant_id=5970357#gallery,unknown
223.jpg,dataset_images\223.jpg,https://www.digikala.com/product/dkp-22052400/%D8%AA%DB%8C%D8%B4%D8%B1%D8%AA-%D8%A7%D9%88%D8%B1%D8%B3%D8%A7%DB%8C%D8%B2-%D8%A2%D8%B3%D8%AA%DB%8C%D9%86-%D8%B3%D9%87-%D8%B1%D8%A8%D8%B9-%D8%B2%D9%86%D8%A7%D9%86%D9%87-%D9%85%D8%AF%D9%84-%D8%B1%D8%A7%D9%87%D8%B1%D8%A7%D9%87-%D8%A8%D8%A7%DA%A9%D8%B3%DB%8C/?product_id=22052400&variant_id=81177141#gallery,unknown
224.jpg,dataset_images\224.jpg,https://www.digikala.com/product/dkp-21556669/%D8%AA%DB%8C%D8%B4%D8%B1%D8%AA-%D8%A7%D9%88%D8%B1%D8%B3%D8%A7%DB%8C%D8%B2-%D8%A2%D8%B3%D8%AA%DB%8C%D9%86-%DA%A9%D9%88%D8%AA%D8%A7%D9%87-%D8%B2%D9%86%D8%A7%D9%86%D9%87-%D9%87%D8%A7%DB%8C%DA%A9%D8%A7-%D9%85%D8%AF%D9%84-%D8%B3%DB%8C%D8%B2%D8%AF%D9%87/?product_id=21556669&variant_id=77634642#gallery,unknown
225.jpg,dataset_images\225.jpg,https://www.digikala.com/product/dkp-18492230/%DA%A9%D8%B1%D8%A7%D9%BE-%D8%AA%DB%8C%D8%B4%D8%B1%D8%AA-%D8%A2%D8%B3%D8%AA%DB%8C%D9%86-%DA%A9%D9%88%D8%AA%D8%A7%D9%87-%D8%B2%D9%86%D8%A7%D9%86%D9%87-%D9%85%D8%AF%D9%84-%D9%86%D8%AE-%D9%BE%D9%86%D8%A8%D9%87-%D8%B7%D8%B1%D8%AD-%DA%AF%D9%84/?product_id=18492230&variant_id=64655862#gallery,unknown
226.jpg,dataset_images\226.jpg,https://www.digikala.com/product/dkp-22427666/%D8%AA%DB%8C%D8%B4%D8%B1%D8%AA-%D8%A8%D8%A7%DA%A9%D8%B3%DB%8C-%D8%B2%D9%86%D8%A7%D9%86%D9%87-%D9%BE%D9%86%D8%A8%D9%87%D8%A7%DB%8C-%D9%85%D8%AF%D9%84-im-doing/?product_id=22427666&variant_id=82351381#gallery,stop sign
227.jpg,dataset_images\227.jpg,https://www.digikala.com/product/dkp-22475481/%D8%B4%D9%84%D9%88%D8%A7%D8%B1-%D8%B1%D8%A7%D8%AD%D8%AA%DB%8C-%D8%B2%D9%86%D8%A7%D9%86%D9%87-%D9%85%D8%AF%D9%84-%D8%A7%D9%81%D8%B3%D8%A7%D9%86%D9%87-%DA%A9%D8%AF-24/?product_id=22475481&variant_id=82648803#gallery,unknown
228.jpg,dataset_images\228.jpg,https://www.digikala.com/product/dkp-21985255/%D9%BE%DB%8C%D8%B1%D8%A7%D9%87%D9%86-%D8%B1%D8%A7%D8%AD%D8%AA%DB%8C-%D8%B2%D9%86%D8%A7%D9%86%D9%87-%D8%A7%D9%81%D8%B1%D8%A7%D8%AA%DB%8C%D9%86-%D9%85%D8%AF%D9%84-%D8%AE%D8%B1%DA%AF%D9%88%D8%B4-%D8%A8%D8%A7%D9%85%D8%B2%D9%87-9593/?product_id=21985255&variant_id=80436711#gallery,tie
229.jpg,dataset_images\229.jpg,https://www.digikala.com/product/dkp-22205571/%D8%B4%D9%84%D9%88%D8%A7%D8%B1-%D8%B1%D8%A7%D8%AD%D8%AA%DB%8C-%D8%B2%D9%86%D8%A7%D9%86%D9%87-%D9%86%D8%AE-%D9%BE%D9%86%D8%A8%D9%87-%D8%B7%D8%B1%D8%AD-%D9%82%D9%84%D8%A8-%DA%A9%D8%AF-002/?product_id=22205571&variant_id=81440702,tie
229.jpg,dataset_images\229.jpg,https://www.digikala.com/product/dkp-22205571/%D8%B4%D9%84%D9%88%D8%A7%D8%B1-%D8%B1%D8%A7%D8%AD%D8%AA%DB%8C-%D8%B2%D9%86%D8%A7%D9%86%D9%87-%D9%86%D8%AE-%D9%BE%D9%86%D8%A8%D9%87-%D8%B7%D8%B1%D8%AD-%D9%82%D9%84%D8%A8-%DA%A9%D8%AF-002/?product_id=22205571&variant_id=81440702,tie
23.jpg,dataset_images\23.jpg,https://torob.com/p/8af3695a-823a-4eeb-b0cd-a2870d008d30/%DA%A9%D8%A7%D9%BE%D8%B4%D9%86-%D9%85%D8%B1%D8%AF%D8%A7%D9%86%D9%87-%D8%A8%D9%87%D8%A7%D8%B1%D9%87-%D9%88-%D9%BE%D8%A7%DB%8C%DB%8C%D8%B2%D9%87-%D9%85%D8%A7%D8%B1%DA%A9-outdoor/,person
23.jpg,dataset_images\23.jpg,https://torob.com/p/8af3695a-823a-4eeb-b0cd-a2870d008d30/%DA%A9%D8%A7%D9%BE%D8%B4%D9%86-%D9%85%D8%B1%D8%AF%D8%A7%D9%86%D9%87-%D8%A8%D9%87%D8%A7%D8%B1%D9%87-%D9%88-%D9%BE%D8%A7%DB%8C%DB%8C%D8%B2%D9%87-%D9%85%D8%A7%D8%B1%DA%A9-outdoor/,tie
230.jpg,dataset_images\230.jpg,https://www.digikala.com/product/dkp-22026550/%D8%B3%D8%AA-%D8%AA%DB%8C%D8%B4%D8%B1%D8%AA-%D8%A2%D8%B3%D8%AA%DB%8C%D9%86-%DA%A9%D9%88%D8%AA%D8%A7%D9%87-%D9%88-%D8%B4%D9%84%D9%88%D8%A7%D8%B1-%D8%B1%D8%A7%D8%AD%D8%AA%DB%8C-%D8%B2%D9%86%D8%A7%D9%86%D9%87-%D9%85%D8%AF%D9%84-omghlbp/?product_id=22026550&variant_id=81969133#gallery,unknown
231.jpg,dataset_images\231.jpg,https://www.digikala.com/product/dkp-21351277/%D8%AA%D8%A7%D9%BE-%D8%B1%D8%A7%D8%AD%D8%AA%DB%8C-%D8%B2%D9%86%D8%A7%D9%86%D9%87-%D9%85%D8%AF%D9%84-10/?ad_variant_id=76617572&product_id=21351277&variant_id=76617572#gallery,bird
231.jpg,dataset_images\231.jpg,https://www.digikala.com/product/dkp-21351277/%D8%AA%D8%A7%D9%BE-%D8%B1%D8%A7%D8%AD%D8%AA%DB%8C-%D8%B2%D9%86%D8%A7%D9%86%D9%87-%D9%85%D8%AF%D9%84-10/?ad_variant_id=76617572&product_id=21351277&variant_id=76617572#gallery,bird
232.jpg,dataset_images\232.jpg,https://www.digikala.com/product/dkp-21095677/%D8%AA%D8%A7%D9%BE-%D8%B1%D8%A7%D8%AD%D8%AA%DB%8C-%D8%B2%D9%86%D8%A7%D9%86%D9%87-%D9%85%D8%AF%D9%84-%D8%AF%DB%8C%D9%86%D8%A7/?product_id=21095677&variant_id=75327695#gallery,tie
233.jpg,dataset_images\233.jpg,https://www.digikala.com/product/dkp-17212793/%D8%AA%D8%A7%D9%BE-%D8%B2%D9%86%D8%A7%D9%86%D9%87-%D8%A7%D8%B3%D9%85%D8%A7%D8%B1%D8%A7-%D9%85%D8%AF%D9%84-109696/?product_id=17212793&variant_id=72179260#gallery,vase
234.jpg,dataset_images\234.jpg,https://www.digikala.com/product/dkp-21429823/%D9%85%D8%A7%D9%86%D8%AA%D9%88-%D8%B2%D9%86%D8%A7%D9%86%D9%87-%D8%A7%D9%84%D8%B3%D8%A7%D9%86%D8%A7-%D9%85%D8%AF%D9%84-%D8%B3%D9%88%D9%86%DB%8C%D8%AA%D8%A7-%DA%A9%D8%AF-2451/?product_id=21429823&variant_id=76941861#gallery,surfboard
235.jpg,dataset_images\235.jpg,https://www.digikala.com/product/dkp-22211516/%D9%88%D8%B3%D8%AA-%D8%B2%D9%86%D8%A7%D9%86%D9%87-%D8%AC%DB%8C%D9%86-%D9%85%D8%AF%D9%84-%D8%A2%D8%B3%D9%85%D8%A7%D9%86/?product_id=22211516&variant_id=81330334#gallery,unknown
236.jpg,dataset_images\236.jpg,https://www.digikala.com/product/dkp-21438697/%D9%85%D8%A7%D9%86%D8%AA%D9%88-%DA%A9%D8%AA%DB%8C-%D8%B2%D9%86%D8%A7%D9%86%D9%87-%D8%A7%D9%84%D8%B3%D8%A7%D9%86%D8%A7-%D9%85%D8%AF%D9%84-%D8%AA%D8%A7%D8%B1%D8%A7%D9%85%D9%87%D8%B1-%DA%A9%D8%AF-2279/?product_id=21438697&variant_id=77054425#gallery,person
237.jpg,dataset_images\237.jpg,https://www.digikala.com/product/dkp-21996082/%D9%85%D8%A7%D9%86%D8%AA%D9%88-%D8%B4%D9%88%D9%85%DB%8C%D8%B2%DB%8C-%D8%B1%D9%88%DB%8C-%D8%A8%D8%A7%D8%B3%D9%86-%D8%B2%D9%86%D8%A7%D9%86%D9%87-%D9%85%D8%AF%D9%84-%D8%A2%D8%B1%DB%8C%D9%84%DB%8C%D8%A7-%D8%A8%D8%A7%DA%A9%D8%B3%DB%8C/?product_id=21996082&variant_id=80268493#gallery,person
238.jpg,dataset_images\238.jpg,https://www.digikala.com/product/dkp-22505190/%D9%85%D8%A7%D9%86%D8%AA%D9%88-%D8%B2%D9%86%D8%A7%D9%86%D9%87-%D9%85%D9%84%D9%88%DA%A9%D8%B3-%D9%85%D8%AF%D9%84-%D8%AE%D9%86%DA%A9-%DA%A9%D8%AF-10/?product_id=22505190&variant_id=82804993#gallery,person
239.jpg,dataset_images\239.jpg,https://www.digikala.com/product/dkp-22426235/%D9%85%D8%A7%D9%86%D8%AA%D9%88-%D8%B2%D9%86%D8%A7%D9%86%D9%87-%D8%A7%D9%84%D8%B3%D8%A7%D9%86%D8%A7-%D9%85%D8%AF%D9%84-%DA%A9%D8%A7%D8%B1%D9%84%DB%8C-%DA%A9%D8%AF-2701/?product_id=22426235&variant_id=82502546#gallery,surfboard
239.jpg,dataset_images\239.jpg,https://www.digikala.com/product/dkp-22426235/%D9%85%D8%A7%D9%86%D8%AA%D9%88-%D8%B2%D9%86%D8%A7%D9%86%D9%87-%D8%A7%D9%84%D8%B3%D8%A7%D9%86%D8%A7-%D9%85%D8%AF%D9%84-%DA%A9%D8%A7%D8%B1%D9%84%DB%8C-%DA%A9%D8%AF-2701/?product_id=22426235&variant_id=82502546#gallery,person
24.jpg,dataset_images\24.jpg,https://torob.com/p/957cab72-81e5-4c9f-baed-d28c60387684/%D8%B4%D9%84%D9%88%D8%A7%D8%B1-%D9%85%D8%A7%D9%85-%D9%85%D8%A7%D8%B2%D8%B1%D8%A7%D8%AA%DB%8C-%D9%85%D8%B1%D8%AF%D8%A7%D9%86%D9%87-%D9%85%D8%B4%DA%A9%DB%8C-%D8%A8%D8%A7-%D8%B7%D8%B1%D8%A7%D8%AD%DB%8C-%D9%85%D8%AF%D8%B1%D9%86/,person
240.jpg,dataset_images\240.jpg,https://www.digikala.com/product/dkp-22378007/%D8%A8%D9%84%D9%88%D8%B2-%D8%B2%D9%86%D8%A7%D9%86%D9%87-%D8%A7%D9%84%D8%B3%D8%A7%D9%86%D8%A7-%D9%85%D8%AF%D9%84-%D9%85%DB%8C%D9%86%D9%88%D8%B1-%DA%A9%D8%AF-2686/?ad_variant_id=82343399&product_id=22378007&variant_id=82343399#gallery,unknown
241.jpg,dataset_images\241.jpg,https://www.digikala.com/product/dkp-21353503/%DA%A9%D8%B1%D8%A7%D9%BE-%D8%A8%D9%84%D9%88%D8%B2-%D8%A2%D8%B3%D8%AA%DB%8C%D9%86-%D8%A8%D9%84%D9%86%D8%AF-%DB%8C%D9%82%D9%87-%DA%AF%D8%B1%D8%AF-%D8%B2%D9%86%D8%A7%D9%86%D9%87-%D9%85%D8%AF%D9%84-02/?product_id=21353503&variant_id=77059548#gallery,unknown
242.jpg,dataset_images\242.jpg,https://www.digikala.com/product/dkp-22050071/%D8%A8%D9%84%D9%88%D8%B2-%D8%A2%D8%B3%D8%AA%DB%8C%D9%86-%D8%B3%D9%87-%D8%B1%D8%A8%D8%B9-%DB%8C%D9%82%D9%87-%DA%AF%D8%B1%D8%AF-%D8%B2%D9%86%D8%A7%D9%86%D9%87-%D8%A7%D9%81%D8%B1%D8%A7%D8%AA%DB%8C%D9%86-%D9%85%D8%AF%D9%84-%D8%A2%D9%86%D8%A7-%DA%A9%D8%AF-7510/?product_id=22050071&variant_id=80565453#gallery,tie
243.jpg,dataset_images\243.jpg,https://www.digikala.com/product/dkp-22122252/%D8%B4%D9%88%D9%85%DB%8C%D8%B2-%D8%B2%D9%86%D8%A7%D9%86%D9%87-%D9%85%D8%AF%D9%84-%D8%AC%D9%84%D9%88-%DA%AF%D8%B1%D9%87-%D8%A7%DB%8C/?product_id=22122252&variant_id=81303196#gallery,unknown
244.jpg,dataset_images\244.jpg,https://www.digikala.com/product/dkp-22495934/%D8%B4%D9%84%D9%88%D8%A7%D8%B1-%D8%B2%D9%86%D8%A7%D9%86%D9%87-%D8%A8%DA%AF-%DA%A9%D8%B1%D9%BE-%DA%A9%D8%A7%D8%AA%D8%B1%DB%8C%D9%86-%D8%B1%DB%8C%D8%B2%D8%B4%DB%8C/?product_id=22495934&variant_id=82699057#gallery,surfboard
245.jpg,dataset_images\245.jpg,https://www.digikala.com/product/dkp-20288293/%D8%AF%D8%A7%D9%85%D9%86-%D8%B4%D9%84%D9%88%D8%A7%D8%B1%DB%8C-%D8%B2%D9%86%D8%A7%D9%86%D9%87-%D9%85%D8%AF%D9%84-8077/?product_id=20288293&variant_id=76573967#gallery,unknown
246.jpg,dataset_images\246.jpg,https://www.digikala.com/product/dkp-22518746/%D8%B4%D9%84%D9%88%D8%A7%D8%B1-%D9%85%D8%A7%D8%B2%D8%B1%D8%A7%D8%AA%DB%8C-%D9%88%D8%A7%D9%84%D8%A7-%D8%AF%D9%88%D8%AE%D8%AA-%D9%85%D8%AF%D9%84-%D9%BE%DB%8C%D9%84%DB%8C-%D8%AF%D8%A7%D8%B1-%D9%81%D9%88%D9%84-%D8%A8%DA%AF-vd/?ad_variant_id=82782475&product_id=22518746&variant_id=82782475#gallery,surfboard
246.jpg,dataset_images\246.jpg,https://www.digikala.com/product/dkp-22518746/%D8%B4%D9%84%D9%88%D8%A7%D8%B1-%D9%85%D8%A7%D8%B2%D8%B1%D8%A7%D8%AA%DB%8C-%D9%88%D8%A7%D9%84%D8%A7-%D8%AF%D9%88%D8%AE%D8%AA-%D9%85%D8%AF%D9%84-%D9%BE%DB%8C%D9%84%DB%8C-%D8%AF%D8%A7%D8%B1-%D9%81%D9%88%D9%84-%D8%A8%DA%AF-vd/?ad_variant_id=82782475&product_id=22518746&variant_id=82782475#gallery,surfboard
246.jpg,dataset_images\246.jpg,https://www.digikala.com/product/dkp-22518746/%D8%B4%D9%84%D9%88%D8%A7%D8%B1-%D9%85%D8%A7%D8%B2%D8%B1%D8%A7%D8%AA%DB%8C-%D9%88%D8%A7%D9%84%D8%A7-%D8%AF%D9%88%D8%AE%D8%AA-%D9%85%D8%AF%D9%84-%D9%BE%DB%8C%D9%84%DB%8C-%D8%AF%D8%A7%D8%B1-%D9%81%D9%88%D9%84-%D8%A8%DA%AF-vd/?ad_variant_id=82782475&product_id=22518746&variant_id=82782475#gallery,surfboard
246.jpg,dataset_images\246.jpg,https://www.digikala.com/product/dkp-22518746/%D8%B4%D9%84%D9%88%D8%A7%D8%B1-%D9%85%D8%A7%D8%B2%D8%B1%D8%A7%D8%AA%DB%8C-%D9%88%D8%A7%D9%84%D8%A7-%D8%AF%D9%88%D8%AE%D8%AA-%D9%85%D8%AF%D9%84-%D9%BE%DB%8C%D9%84%DB%8C-%D8%AF%D8%A7%D8%B1-%D9%81%D9%88%D9%84-%D8%A8%DA%AF-vd/?ad_variant_id=82782475&product_id=22518746&variant_id=82782475#gallery,surfboard
247.jpg,dataset_images\247.jpg,https://www.digikala.com/product/dkp-21277307/%D8%B4%D9%84%D9%88%D8%A7%D8%B1-%D8%B1%D8%A7%D8%B3%D8%AA%D9%87-%D8%B2%D9%86%D8%A7%D9%86%D9%87-%D8%AF%D9%84-%D8%A2%D9%88%DB%8C%D8%B2-%D9%85%D8%AF%D9%84-h483/?product_id=21277307&variant_id=76327581#gallery,unknown
248.jpg,dataset_images\248.jpg,https://www.digikala.com/product/dkp-20619263/%D8%B4%D9%84%D9%88%D8%A7%D8%B1-%D8%AC%DB%8C%D9%86-%D9%86%DB%8C%D9%85%D8%A8%DA%AF-%D8%B2%D9%86%D8%A7%D9%86%D9%87-%D8%AF%DB%8C%D8%A7%D9%86-%D9%85%D8%AF%D9%84-n-rosh/?product_id=20619263&variant_id=80542536#gallery,surfboard
249.jpg,dataset_images\249.jpg,https://www.digikala.com/product/dkp-21675683/%D8%B4%D9%84%D9%88%D8%A7%D8%B1-%D8%AC%DB%8C%D9%86-%D8%A2%D8%B2%D8%A7%D8%AF-%D8%B2%D9%86%D8%A7%D9%86%D9%87-%D8%AA%D9%88%D8%B1%DB%8C%D9%88%D8%B1-%D9%85%D8%AF%D9%84-9010600005/?product_id=21675683&variant_id=78776814#gallery,unknown
25.jpg,dataset_images\25.jpg,https://torob.com/p/b529f66c-51b9-4225-90a7-e4f501ed66e6/%D8%B4%D9%84%D9%88%D8%A7%D8%B1-%D9%86%DB%8C%D9%85-%D8%A8%DA%AF-%D9%85%D8%B1%D8%AF%D8%A7%D9%86%D9%87-%D9%BE%D8%A7%D8%B1%DA%86%D9%87-%DA%AF%D9%84%DA%A9%D8%B3%DB%8C-%D8%A8%D8%A7-%D9%86%D9%88%D8%A7%D8%B1-%D8%B3%D9%81%DB%8C%D8%AF-%D8%B3%D8%A7%DB%8C%D8%B2-40-%D8%AA%D8%A7-44/,person
25.jpg,dataset_images\25.jpg,https://torob.com/p/b529f66c-51b9-4225-90a7-e4f501ed66e6/%D8%B4%D9%84%D9%88%D8%A7%D8%B1-%D9%86%DB%8C%D9%85-%D8%A8%DA%AF-%D9%85%D8%B1%D8%AF%D8%A7%D9%86%D9%87-%D9%BE%D8%A7%D8%B1%DA%86%D9%87-%DA%AF%D9%84%DA%A9%D8%B3%DB%8C-%D8%A8%D8%A7-%D9%86%D9%88%D8%A7%D8%B1-%D8%B3%D9%81%DB%8C%D8%AF-%D8%B3%D8%A7%DB%8C%D8%B2-40-%D8%AA%D8%A7-44/,person
25.jpg,dataset_images\25.jpg,https://torob.com/p/b529f66c-51b9-4225-90a7-e4f501ed66e6/%D8%B4%D9%84%D9%88%D8%A7%D8%B1-%D9%86%DB%8C%D9%85-%D8%A8%DA%AF-%D9%85%D8%B1%D8%AF%D8%A7%D9%86%D9%87-%D9%BE%D8%A7%D8%B1%DA%86%D9%87-%DA%AF%D9%84%DA%A9%D8%B3%DB%8C-%D8%A8%D8%A7-%D9%86%D9%88%D8%A7%D8%B1-%D8%B3%D9%81%DB%8C%D8%AF-%D8%B3%D8%A7%DB%8C%D8%B2-40-%D8%AA%D8%A7-44/,person
250.jpg,dataset_images\250.jpg,https://www.digikala.com/product/dkp-6179898/%D8%B4%D9%84%D9%88%D8%A7%D8%B1-%D8%AC%DB%8C%D9%86-%D8%B2%D9%86%D8%A7%D9%86%D9%87-%D9%85%D8%AF%D9%84-%DA%A9%D9%85%D8%B1-%DA%AF%D9%86%D8%AF%D8%A7%D8%B1-%D9%81%D8%A7%D9%82-%D8%A8%D9%84%D9%86%D8%AF/?product_id=6179898&variant_id=73991533#gallery,unknown
251.jpg,dataset_images\251.jpg,https://www.digikala.com/product/dkp-21744828/%D8%B4%D9%84%D9%88%D8%A7%D8%B1-%D8%AC%DB%8C%D9%86-%D9%85%D8%A7%D9%85-%D8%A7%D8%B3%D8%AA%D8%A7%DB%8C%D9%84-%D8%B2%D9%86%D8%A7%D9%86%D9%87-%D9%85%D8%AF%D9%84-dotwane-%DA%A9%D8%AF-m5779/?product_id=21744828&variant_id=78866345#gallery,unknown
252.jpg,dataset_images\252.jpg,https://www.digikala.com/product/dkp-21251378/%D9%86%DB%8C%D9%85%D8%AA%D9%86%D9%87-%D8%B2%D9%86%D8%A7%D9%86%D9%87-%D8%AF%D9%84-%D8%A2%D9%88%DB%8C%D8%B2-%D9%85%D8%AF%D9%84-h465/?product_id=21251378&variant_id=80052334#gallery,person
253.jpg,dataset_images\253.jpg,https://www.digikala.com/product/dkp-10915489/%D9%BE%D9%84%DB%8C%D9%88%D8%B1-%D8%B2%D9%86%D8%A7%D9%86%D9%87-%D9%85%D8%AF%D9%84-%D9%86%D8%A7%D8%B2%DA%A9-%DA%A9%D8%AF-403/?product_id=10915489&variant_id=43308270#gallery,person
254.jpg,dataset_images\254.jpg,https://www.digikala.com/product/dkp-10915505/%D9%BE%D9%84%DB%8C%D9%88%D8%B1-%D8%B2%D9%86%D8%A7%D9%86%D9%87-%DA%A9%D8%AF-505/?product_id=10915505&variant_id=38822377#gallery,person
255.jpg,dataset_images\255.jpg,https://www.digikala.com/product/dkp-21830998/%D9%BE%D9%84%DB%8C%D9%88%D8%B1-%DB%8C%D9%82%D9%87-%D8%A7%DB%8C%D8%B3%D8%AA%D8%A7%D8%AF%D9%87-%D8%B2%D9%86%D8%A7%D9%86%D9%87-%D8%AA%D9%88%D8%B1%DB%8C%D9%88%D8%B1-%D9%85%D8%AF%D9%84-6260000036506/?product_id=21830998&variant_id=79534418#gallery,person
256.jpg,dataset_images\256.jpg,https://www.digikala.com/product/dkp-20736009/%D9%BE%D9%84%DB%8C%D9%88%D8%B1-%DB%8C%D9%82%D9%87-%DA%AF%D8%B1%D8%AF-%D8%B2%D9%86%D8%A7%D9%86%D9%87-%D9%86%DB%8C%D8%B2%D9%84-%D9%85%D8%AF%D9%84-37-1/?product_id=20736009&variant_id=75198490#gallery,unknown
257.jpg,dataset_images\257.jpg,https://www.digikala.com/product/dkp-21315724/%D8%A8%D8%A7%D8%B1%D8%A7%D9%86%DB%8C-%D8%B2%D9%86%D8%A7%D9%86%D9%87-%D8%A7%D9%84%D8%B3%D8%A7%D9%86%D8%A7-%D9%85%D8%AF%D9%84-%D9%85%D8%A7%D9%86%D8%A7%D8%AF-%DA%A9%D8%AF-2443/?product_id=21315724&variant_id=76494686,person
258.jpg,dataset_images\258.jpg,https://www.digikala.com/product/dkp-21376999/%DA%A9%D8%A7%D9%BE%D8%B4%D9%86-%D8%B2%D9%86%D8%A7%D9%86%D9%87-%D9%85%D8%AF%D9%84-x875200/?product_id=21376999&variant_id=76821376#gallery,person
259.jpg,dataset_images\259.jpg,https://www.digikala.com/product/dkp-20954412/%DA%A9%D8%AA-%DA%86%D8%B1%D9%85-%D8%B2%D9%86%D8%A7%D9%86%D9%87-%D8%A7%D9%84%D8%B3%D8%A7%D9%86%D8%A7-%D9%85%D8%AF%D9%84-%D8%A8%D9%87%D8%B3%D8%A7%D9%85-%DA%A9%D8%AF-2384/?product_id=20954412&variant_id=74647576#gallery,person
26.jpg,dataset_images\26.jpg,https://torob.com/p/34e16484-979d-4337-9681-b0d82078fe52/%D9%BE%D8%A7%D9%81%D8%B1-%DB%8C%D9%88%D9%86%DB%8C%D8%B3%D8%A7%DB%8C%D8%B2-%D9%85%D8%B1%D8%AF%D8%A7%D9%86%D9%87-%D9%88-%D8%B2%D9%86%D8%A7%D9%86%D9%87-%D8%B3%D8%A7%D8%AF%D9%87-%D8%B1%D9%86%DA%AF-%D8%A8%D9%86%D9%81%D8%B4-%DA%A9%D8%AF-pa17/,umbrella
26.jpg,dataset_images\26.jpg,https://torob.com/p/34e16484-979d-4337-9681-b0d82078fe52/%D9%BE%D8%A7%D9%81%D8%B1-%DB%8C%D9%88%D9%86%DB%8C%D8%B3%D8%A7%DB%8C%D8%B2-%D9%85%D8%B1%D8%AF%D8%A7%D9%86%D9%87-%D9%88-%D8%B2%D9%86%D8%A7%D9%86%D9%87-%D8%B3%D8%A7%D8%AF%D9%87-%D8%B1%D9%86%DA%AF-%D8%A8%D9%86%D9%81%D8%B4-%DA%A9%D8%AF-pa17/,suitcase
260.jpg,dataset_images\260.jpg,https://www.digikala.com/product/dkp-9253964/%D9%BE%D8%A7%D9%84%D8%AA%D9%88-%D8%B2%D9%86%D8%A7%D9%86%D9%87-%D8%B4%DB%8C%D8%B1%DB%8C%D9%86-%D8%AC%D8%A7%D9%85%D9%87-%D9%85%D8%AF%D9%84-%DA%AF%D9%88%D8%B4-%D8%AF%D8%A7%D8%B1-%D9%BE%D9%86%D8%A8%D9%87-%D8%A7%DB%8C/?product_id=9253964&variant_id=76873926#gallery,person
261.jpg,dataset_images\261.jpg,https://www.digikala.com/product/dkp-21315739/%DA%A9%D8%A7%D9%BE%D8%B4%D9%86-%D8%A8%D9%84%D9%86%D8%AF-%D8%B2%D9%86%D8%A7%D9%86%D9%87-%D8%A7%D9%84%D8%B3%D8%A7%D9%86%D8%A7-%D9%85%D8%AF%D9%84-%D8%B1%D8%A7%D8%B4%D9%86-%DA%A9%D8%AF-2440/?product_id=21315739&variant_id=76494941#gallery,unknown
262.jpg,dataset_images\262.jpg,https://www.digikala.com/product/dkp-22335902/%D8%AF%D8%A7%D9%85%D9%86-%D8%A8%D8%A7%D9%84%D9%88%D9%86%DB%8C-%D9%85%D8%AF%D9%84-1110/?ad_variant_id=82722634&product_id=22335902&variant_id=82722634#gallery,unknown
263.jpg,dataset_images\263.jpg,https://www.digikala.com/product/dkp-18113204/%D8%AF%D8%A7%D9%85%D9%86-%D8%B2%D9%86%D8%A7%D9%86%D9%87-%D9%85%D8%AF%D9%84-%D9%88%D8%A7%D9%84%D8%A7%D9%86-%D8%AF%D8%A7%D8%B1-%D8%A8%D9%84%D9%86%D8%AF-%DA%A9%D8%AF-bb100/?product_id=18113204&variant_id=64207895#gallery,unknown
264.jpg,dataset_images\264.jpg,https://www.digikala.com/product/dkp-21434268/%D8%AF%D8%A7%D9%85%D9%86-%D8%B1%D8%A7%D8%B3%D8%AA%D9%87-%D8%B2%D9%86%D8%A7%D9%86%D9%87-%D9%85%D8%AF%D9%84-%DA%A9%D9%85%D8%B1-%DA%A9%D8%B4%DB%8C-f3848/?product_id=21434268&variant_id=76948806#gallery,unknown
265.jpg,dataset_images\265.jpg,https://www.digikala.com/product/dkp-21914835/%D8%B3%D8%AA-%D8%AA%DB%8C%D8%B4%D8%B1%D8%AA-%D8%A2%D8%B3%D8%AA%DB%8C%D9%86-%DA%A9%D9%88%D8%AA%D8%A7%D9%87-%D9%88-%D8%B4%D9%84%D9%88%D8%A7%D8%B1%DA%A9-%D8%B1%D8%A7%D8%AD%D8%AA%DB%8C-%D9%86%D9%88%D8%B2%D8%A7%D8%AF%DB%8C-%D8%A2%D8%AF%D9%85%DA%A9-%D9%85%D8%AF%D9%84-160014/?product_id=21914835&variant_id=80041232#gallery,umbrella
266.jpg,dataset_images\266.jpg,https://www.digikala.com/product/dkp-15820212/%D8%B3%D8%AA-%D8%B3%D8%B1%D9%87%D9%85%DB%8C-%D9%88-%DA%A9%D9%84%D8%A7%D9%87-%D9%86%D9%88%D8%B2%D8%A7%D8%AF%DB%8C-%D9%85%D8%AF%D9%84-%D8%BA%D9%88%D8%B1%D8%A8%D8%A7%D9%82%D9%87/?product_id=15820212&variant_id=77286235#gallery,unknown
267.jpg,dataset_images\267.jpg,https://www.digikala.com/product/dkp-7595453/%D8%B3%D8%AA-7-%D8%AA%DA%A9%D9%87-%D9%84%D8%A8%D8%A7%D8%B3-%D9%86%D9%88%D8%B2%D8%A7%D8%AF%DB%8C-%D9%85%D8%AF%D9%84-%D8%AA%D8%A7%D8%AC-%DA%A9%D8%AF-2022/?product_id=7595453&variant_id=80788686#gallery,person
268.jpg,dataset_images\268.jpg,https://www.digikala.com/product/dkp-10385882/%D8%B3%D8%AA-%D8%B3%D8%B1%D9%87%D9%85%DB%8C-%D9%88-%DA%A9%D9%84%D8%A7%D9%87-%D9%86%D9%88%D8%B2%D8%A7%D8%AF%DB%8C-%D9%85%D8%AF%D9%84-%D8%A8%D8%A7%D8%A8-%D8%A7%D8%B3%D9%81%D9%86%D8%AC%DB%8C-%DA%A9%D8%AF-p166/?product_id=10385882&variant_id=42608428#gallery,unknown
269.jpg,dataset_images\269.jpg,https://www.digikala.com/product/dkp-21791566/%D8%B3%D8%B1%D9%87%D9%85%DB%8C-%D9%86%D9%88%D8%B2%D8%A7%D8%AF%DB%8C-%D9%85%D8%AF%D9%84-%D9%81%D9%84%D8%A7%D9%85%DB%8C%D9%86%DA%AF%D9%88/?product_id=21791566&variant_id=79157497#gallery,tie
27.jpg,dataset_images\27.jpg,https://torob.com/p/2e49f5a4-7e90-4afc-8694-668af26dca23/%DA%A9%D8%AA-%D9%88-%D8%B4%D9%84%D9%88%D8%A7%D8%B1-%D8%AF%D8%A8%D9%84-%D8%A8%D8%B1%D8%B3%D8%AA-%D9%85%D8%B4%DA%A9%DB%8C/,person
27.jpg,dataset_images\27.jpg,https://torob.com/p/2e49f5a4-7e90-4afc-8694-668af26dca23/%DA%A9%D8%AA-%D9%88-%D8%B4%D9%84%D9%88%D8%A7%D8%B1-%D8%AF%D8%A8%D9%84-%D8%A8%D8%B1%D8%B3%D8%AA-%D9%85%D8%B4%DA%A9%DB%8C/,tie
270.jpg,dataset_images\270.jpg,https://www.digikala.com/product/dkp-22138532/%D8%B1%D8%A7%D9%85%D9%BE%D8%B1-%D9%86%D9%88%D8%B2%D8%A7%D8%AF%DB%8C-%D9%85%D8%AF%D9%84-lion/?product_id=22138532&variant_id=81213042#gallery,unknown
271.jpg,dataset_images\271.jpg,https://www.digikala.com/product/dkp-18018123/%D8%B3%D8%AA-4-%D8%AA%DA%A9%D9%87-%D9%84%D8%A8%D8%A7%D8%B3-%D9%86%D9%88%D8%B2%D8%A7%D8%AF%DB%8C-%D9%85%D8%AF%D9%84-%D8%A2%D9%88%D9%88%DA%A9%D8%A7%D8%AF%D9%88/?product_id=18018123&variant_id=62815135#gallery,scissors
272.jpg,dataset_images\272.jpg,https://www.digikala.com/product/dkp-21759006/%D9%BE%DB%8C%D8%B1%D8%A7%D9%87%D9%86-%D8%A2%D8%B3%D8%AA%DB%8C%D9%86-%D8%AA%D8%A7-%D8%B1%D9%88%DB%8C-%D8%B4%D8%A7%D9%86%D9%87-%DB%8C%D9%82%D9%87-%D8%A8%D8%A7%D8%B2-%D8%AF%D8%AE%D8%AA%D8%B1%D8%A7%D9%86%D9%87-%D9%85%D8%AF%D9%84-%D8%A2%D9%86%D8%A7/?product_id=21759006&variant_id=78976492#gallery,vase
272.jpg,dataset_images\272.jpg,https://www.digikala.com/product/dkp-21759006/%D9%BE%DB%8C%D8%B1%D8%A7%D9%87%D9%86-%D8%A2%D8%B3%D8%AA%DB%8C%D9%86-%D8%AA%D8%A7-%D8%B1%D9%88%DB%8C-%D8%B4%D8%A7%D9%86%D9%87-%DB%8C%D9%82%D9%87-%D8%A8%D8%A7%D8%B2-%D8%AF%D8%AE%D8%AA%D8%B1%D8%A7%D9%86%D9%87-%D9%85%D8%AF%D9%84-%D8%A2%D9%86%D8%A7/?product_id=21759006&variant_id=78976492#gallery,vase
273.jpg,dataset_images\273.jpg,https://www.digikala.com/product/dkp-21497490/%D8%B4%D9%84%D9%88%D8%A7%D8%B1-%D8%AC%DB%8C%D9%86-%D8%B1%D8%A7%D8%B3%D8%AA%D9%87-%D8%AF%D8%AE%D8%AA%D8%B1%D8%A7%D9%86%D9%87-%DA%A9%D8%AF-1003/?product_id=21497490&variant_id=77431613#gallery,tie
273.jpg,dataset_images\273.jpg,https://www.digikala.com/product/dkp-21497490/%D8%B4%D9%84%D9%88%D8%A7%D8%B1-%D8%AC%DB%8C%D9%86-%D8%B1%D8%A7%D8%B3%D8%AA%D9%87-%D8%AF%D8%AE%D8%AA%D8%B1%D8%A7%D9%86%D9%87-%DA%A9%D8%AF-1003/?product_id=21497490&variant_id=77431613#gallery,tie
274.jpg,dataset_images\274.jpg,https://www.digikala.com/product/dkp-22274174/%D9%BE%DB%8C%D8%B1%D8%A7%D9%87%D9%86-%D8%AF%D8%AE%D8%AA%D8%B1%D8%A7%D9%86%D9%87-%D8%A8%D8%A7-%DB%8C%D9%82%D9%87-%D8%A8-%D8%A8-%D9%88-%D8%A2%D8%B3%D8%AA%DB%8C%D9%86-%DA%A9%D9%88%D8%AA%D8%A7%D9%87-%D9%85%D8%AF%D9%84-%D8%AE%D8%A7%D9%84%D8%AF%D8%A7%D8%B1/?product_id=22274174&variant_id=81635564#gallery,person
275.jpg,dataset_images\275.jpg,https://www.digikala.com/product/dkp-22186769/%D8%B3%D8%AA-%D8%AA%DB%8C-%D8%B4%D8%B1%D8%AA-%D9%88-%D8%B4%D9%84%D9%88%D8%A7%D8%B1-%D8%AF%D8%AE%D8%AA%D8%B1%D8%A7%D9%86%D9%87-%D9%85%D8%AF%D9%84-%D9%82%D9%84%D8%A8%DB%8C/?product_id=22186769&variant_id=81207053,unknown
276.jpg,dataset_images\276.jpg,https://www.digikala.com/product/dkp-17443832/%DA%98%D8%A7%DA%A9%D8%AA-%D8%AF%D8%AE%D8%AA%D8%B1%D8%A7%D9%86%D9%87-%D9%84%D9%88%D9%BE%DB%8C%D9%84%D9%88-%D9%85%D8%AF%D9%84-440295/?product_id=17443832&variant_id=82656359#gallery,person
277.jpg,dataset_images\277.jpg,https://www.digikala.com/product/dkp-20963007/%D9%BE%D9%84%DB%8C%D9%88%D8%B1-%DB%8C%D9%82%D9%87-%DA%AF%D8%B1%D8%AF-%D8%AF%D8%AE%D8%AA%D8%B1%D8%A7%D9%86%D9%87-%D9%85%D8%AF%D9%84-%D8%B1%D8%A7%D9%87-%D8%B1%D8%A7%D9%87-5055/?product_id=20963007&variant_id=74693128#gallery,cake
278.jpg,dataset_images\278.jpg,https://www.digikala.com/product/dkp-8548712/%D9%BE%D9%84%DB%8C%D9%88%D8%B1-%D8%AF%D8%AE%D8%AA%D8%B1%D8%A7%D9%86%D9%87-%D9%84%D9%88%D9%BE%DB%8C%D9%84%D9%88-%D9%85%D8%AF%D9%84-%DA%86%D8%B1%D8%A7%D8%BA-%D8%AF%D8%A7%D8%B1-2021/?product_id=8548712&variant_id=82771357#gallery,unknown
279.jpg,dataset_images\279.jpg,https://www.digikala.com/product/dkp-17724738/%D9%86%DB%8C%D9%85-%D8%A8%D9%88%D8%AA-%D8%AF%D8%AE%D8%AA%D8%B1%D8%A7%D9%86%D9%87-%D9%85%D8%AF%D9%84-b-whds84/?product_id=17724738&variant_id=61764755#gallery,suitcase
28.jpg,dataset_images\28.jpg,https://torob.com/p/b55d8d1d-90d4-4dd1-9c2c-35f33290e05a/%D9%BE%DB%8C%D8%B1%D8%A7%D9%87%D9%86-%D9%85%D8%AC%D9%84%D8%B3%DB%8C-%D9%85%D8%B1%D8%AF%D8%A7%D9%86%D9%87/,person
28.jpg,dataset_images\28.jpg,https://torob.com/p/b55d8d1d-90d4-4dd1-9c2c-35f33290e05a/%D9%BE%DB%8C%D8%B1%D8%A7%D9%87%D9%86-%D9%85%D8%AC%D9%84%D8%B3%DB%8C-%D9%85%D8%B1%D8%AF%D8%A7%D9%86%D9%87/,surfboard
280.jpg,dataset_images\280.jpg,https://www.digikala.com/product/dkp-22382721/%D8%AF%D9%85%D9%BE%D8%A7%DB%8C%DB%8C-%D8%AF%D8%AE%D8%AA%D8%B1%D8%A7%D9%86%D9%87-%D9%BE%D8%A7%D9%BE%D8%A7-%D9%85%D8%AF%D9%84-%D8%A2%DB%8C%D9%87%D8%A7%D9%86-pi007/?product_id=22382721&variant_id=82274672#gallery,unknown
281.jpg,dataset_images\281.jpg,https://www.digikala.com/product/dkp-12231172/%D9%86%DB%8C%D9%85-%D8%A8%D9%88%D8%AA-%D8%AF%D8%AE%D8%AA%D8%B1%D8%A7%D9%86%D9%87-%D9%85%D8%AF%D9%84-%DB%8C%D9%88%D9%86%DB%8C%DA%A9%D9%88%D8%B1%D9%86-srkh3425/?product_id=12231172&variant_id=60927814#gallery,cake
282.jpg,dataset_images\282.jpg,https://www.digikala.com/product/dkp-22416667/%D8%B3%D8%AA-%D9%84%D8%A8%D8%A7%D8%B3-%D9%88%D8%B1%D8%B2%D8%B4%DB%8C-%D9%BE%D8%B3%D8%B1%D8%A7%D9%86%D9%87-%D9%85%D8%AF%D9%84-%D8%A8%D8%A7%D8%B1%D8%B3%D9%84%D9%88%D9%86%D8%A7-%D8%B7%D8%B1%D8%AD-%D8%A7%D9%88%D8%B1%D8%AC%DB%8C%D9%86%D8%A7%D9%84-%DB%8C%D8%A7%D9%85%D8%A7%D9%84-2027/?product_id=22416667&variant_id=82739074#gallery,unknown
283.jpg,dataset_images\283.jpg,https://www.digikala.com/product/dkp-6203282/%D8%AA%DB%8C-%D8%B4%D8%B1%D8%AA-%D9%BE%D8%B3%D8%B1%D8%A7%D9%86%D9%87-%D9%85%D8%AF%D9%84-%D8%B3%D9%88%D9%86%DB%8C%DA%A9-w21/?product_id=6203282&variant_id=81004699#gallery,person
284.jpg,dataset_images\284.jpg,https://www.digikala.com/product/dkp-21151968/%D8%B3%D8%AA-%D8%AA%D8%A7%D9%BE-%D9%88-%D8%B4%D9%84%D9%88%D8%A7%D8%B1%DA%A9-%D8%B1%D8%A7%D8%AD%D8%AA%DB%8C-%D9%BE%D8%B3%D8%B1%D8%A7%D9%86%D9%87-%D9%88%D8%A7%D9%86-%D8%A8%D8%A7%DB%8C-%D9%88%D8%A7%D9%86-%D9%85%D8%AF%D9%84-%D8%AF%D9%8A%D8%A7%D9%83%D9%88/?product_id=21151968&variant_id=76106438#gallery,vase
285.jpg,dataset_images\285.jpg,https://www.digikala.com/product/dkp-20583813/%DA%A9%D9%81%D8%B4-%D8%B1%D8%A7%D8%AD%D8%AA%DB%8C-%D9%BE%D8%B3%D8%B1%D8%A7%D9%86%D9%87-%D9%85%D8%AF%D9%84-255/?product_id=20583813&variant_id=77551005#gallery,boat
286.jpg,dataset_images\286.jpg,https://www.digikala.com/product/dkp-13030610/%DA%A9%D9%81%D8%B4-%D8%B1%D8%A7%D8%AD%D8%AA%DB%8C-%D9%BE%D8%B3%D8%B1%D8%A7%D9%86%D9%87-%D9%85%D8%AF%D9%84-213/?product_id=13030610&variant_id=78098573#gallery,kite
287.jpg,dataset_images\287.jpg,https://www.digikala.com/product/dkp-10663165/%DA%A9%D9%88%D9%84%D9%87-%D9%BE%D8%B4%D8%AA%DB%8C-%D8%A8%DA%86%DA%AF%D8%A7%D9%86%D9%87-%D9%85%D8%AF%D9%84-brs-150009/?product_id=10663165&variant_id=38266760#gallery,suitcase
288.jpg,dataset_images\288.jpg,https://www.digikala.com/product/dkp-16000667/%DA%A9%D9%88%D9%84%D9%87-%D9%BE%D8%B4%D8%AA%DB%8C-%D8%A8%DA%86%DA%AF%D8%A7%D9%86%D9%87-%D8%AA%D9%88%D8%B1%DB%8C%D8%AB-%D9%85%D8%AF%D9%84-aa-9775/?product_id=16000667&variant_id=55173947#gallery,vase
289.jpg,dataset_images\289.jpg,https://www.digikala.com/product/dkp-21200621/%DA%A9%D8%A7%D9%86%D8%B3%DB%8C%D9%84%D8%B1-%D8%A2%D8%B1%D8%AA%D8%B3%DA%A9%DB%8C%D9%86-%D9%85%D8%AF%D9%84-02/?product_id=21200621&variant_id=80921935,bottle
29.jpg,dataset_images\29.jpg,https://torob.com/p/1c8cd49f-aa4d-4efe-9888-5f6e4b0c8130/%D9%BE%DB%8C%D8%B1%D8%A7%D9%87%D9%86-%D8%A7%DA%A9%D8%B3%D9%81%D9%88%D8%B1%D8%AF-%D8%AF%D9%88%D8%B4%DB%8C%D9%86-%D9%85%D8%B1%D8%AF%D8%A7%D9%86%D9%87-%D8%A7%D8%B3%D8%AA%DB%8C%D9%86-%D8%A8%D9%84%D9%86%D8%AF/,person
290.jpg,dataset_images\290.jpg,https://www.digikala.com/product/dkp-21610585/%D9%BE%D9%88%D8%AF%D8%B1-%D8%AA%D8%AB%D8%A8%DB%8C%D8%AA%DA%A9%D9%86%D9%86%D8%AF%D9%87-%D8%A2%D8%B1%D8%A7%DB%8C%D8%B4-%D8%B5%D9%88%D8%B1%D8%AA-%D9%85%D9%87%D8%B1%D9%88%D9%86%D8%A7-%D9%85%D8%AF%D9%84-bake-%D9%88%D8%B2%D9%86-18-%DA%AF%D8%B1%D9%85/?product_id=21610585&variant_id=81004138#gallery,frisbee
291.jpg,dataset_images\291.jpg,https://www.digikala.com/product/dkp-3750304/%DA%A9%D8%B1%D9%85-%D9%BE%D9%88%D8%AF%D8%B1-%D8%A7%D8%B3%D8%AA%DB%8C-%D9%84%D9%88%D8%AF%D8%B1-%D9%85%D8%AF%D9%84-double-wear-%D8%B4%D9%85%D8%A7%D8%B1%D9%87-2n2-%D8%AD%D8%AC%D9%85-30-%D9%85%DB%8C%D9%84%DB%8C-%D9%84%DB%8C%D8%AA%D8%B1/?product_id=3750304&variant_id=76306958#gallery,cell phone
292.jpg,dataset_images\292.jpg,https://www.digikala.com/product/dkp-580810/%DA%A9%D8%B1%D9%85-%D9%BE%D9%88%D8%AF%D8%B1-%DA%A9%D8%A7%D9%84%DB%8C%D8%B3%D8%AA%D8%A7-%D9%85%D8%AF%D9%84-long-lasting-and-matt-%D8%B4%D9%85%D8%A7%D8%B1%D9%87-m11-%D8%AD%D8%AC%D9%85-35-%D9%85%DB%8C%D9%84%DB%8C-%D9%84%DB%8C%D8%AA%D8%B1/?product_id=580810&variant_id=73237710,kite
292.jpg,dataset_images\292.jpg,https://www.digikala.com/product/dkp-580810/%DA%A9%D8%B1%D9%85-%D9%BE%D9%88%D8%AF%D8%B1-%DA%A9%D8%A7%D9%84%DB%8C%D8%B3%D8%AA%D8%A7-%D9%85%D8%AF%D9%84-long-lasting-and-matt-%D8%B4%D9%85%D8%A7%D8%B1%D9%87-m11-%D8%AD%D8%AC%D9%85-35-%D9%85%DB%8C%D9%84%DB%8C-%D9%84%DB%8C%D8%AA%D8%B1/?product_id=580810&variant_id=73237710,kite
292.jpg,dataset_images\292.jpg,https://www.digikala.com/product/dkp-580810/%DA%A9%D8%B1%D9%85-%D9%BE%D9%88%D8%AF%D8%B1-%DA%A9%D8%A7%D9%84%DB%8C%D8%B3%D8%AA%D8%A7-%D9%85%D8%AF%D9%84-long-lasting-and-matt-%D8%B4%D9%85%D8%A7%D8%B1%D9%87-m11-%D8%AD%D8%AC%D9%85-35-%D9%85%DB%8C%D9%84%DB%8C-%D9%84%DB%8C%D8%AA%D8%B1/?product_id=580810&variant_id=73237710,surfboard
293.jpg,dataset_images\293.jpg,https://www.digikala.com/product/dkp-1004317/%DA%A9%D8%A7%D9%86%D8%B3%DB%8C%D9%84%D8%B1-%D8%B4%D9%88%D9%86-%D8%B3%D8%B1%DB%8C-appealing-%D8%B4%D9%85%D8%A7%D8%B1%D9%87-a02/?product_id=1004317&variant_id=3692398#gallery,unknown
294.jpg,dataset_images\294.jpg,https://www.digikala.com/product/dkp-17113705/%D8%B1%DA%98%DA%AF%D9%88%D9%86%D9%87-%D9%85%D8%A7%DB%8C%D8%B9-%DA%A9%D8%A7%D9%84%DB%8C%D8%B3%D8%AA%D8%A7-%D9%85%D8%AF%D9%84-rosy-glow-%D8%B4%D9%85%D8%A7%D8%B1%D9%87-20/?product_id=17113705&variant_id=82550970#gallery,vase
295.jpg,dataset_images\295.jpg,https://www.digikala.com/product/dkp-6137729/%DA%A9%D8%A7%D9%86%D8%AA%D9%88%D8%B1%DB%8C%D9%86%DA%AF-%D8%AA%D8%A7%DB%8C%D9%84%D8%A7%D9%85%DB%8C-%DA%A9%D8%AF-101/?product_id=6137729&variant_id=79635902#gallery,unknown
296.jpg,dataset_images\296.jpg,https://www.digikala.com/product/dkp-1417903/%D8%A7%D8%B3%D9%BE%D8%B1%DB%8C-%D8%AA%D8%AB%D8%A8%DB%8C%D8%AA-%DA%A9%D9%86%D9%86%D8%AF%D9%87-%D8%A2%D8%B1%D8%A7%DB%8C%D8%B4-%DA%AF%D9%84%D8%AF%D9%86-%D8%B1%D8%B2-%D9%85%D8%AF%D9%84-fixing-%D8%AD%D8%AC%D9%85-120-%D9%85%DB%8C%D9%84%DB%8C-%D9%84%DB%8C%D8%AA%D8%B1/?product_id=1417903&variant_id=34251702,unknown
297.jpg,dataset_images\297.jpg,https://www.digikala.com/product/dkp-759081/%D9%85%D8%AF%D8%A7%D8%AF-%DA%A9%D8%A7%D9%86%D8%AA%D9%88%D8%B1%DB%8C%D9%86%DA%AF-%DA%AF%D9%84%D8%AF%D9%86-%D8%B1%D8%B2-%D8%B4%D9%85%D8%A7%D8%B1%D9%87-23/?product_id=759081&variant_id=55994074#gallery,unknown
298.jpg,dataset_images\298.jpg,https://www.digikala.com/product/dkp-16407992/%D8%B1%DA%98-%DA%AF%D9%88%D9%86%D9%87-%D9%81%D8%B3%D8%AA%DB%8C%D9%88%D8%A7%D9%84-%D8%B4%D9%85%D8%A7%D8%B1%D9%87-807/?product_id=16407992&variant_id=57028920#gallery,unknown
299.jpg,dataset_images\299.jpg,https://www.digikala.com/product/dkp-21277593/%DA%A9%D8%A7%D9%86%D8%B3%DB%8C%D9%84%D8%B1-%D8%A2%D8%B1%D8%AA%D8%B3%DA%A9%DB%8C%D9%86-%D9%85%D8%AF%D9%84-long-lasting-%D8%B4%D9%85%D8%A7%D8%B1%D9%87-%DB%B0%DB%B3/?product_id=21277593&variant_id=80380803#gallery,bottle
3.jpg,dataset_images\3.jpg,https://torob.com/p/74d6ae2f-0320-4f4e-bf98-a0a527501cb6/%D8%B5%D9%86%D8%AF%D9%84-%D8%B2%D9%86%D8%A7%D9%86%D9%87-%D9%85%D8%AF%D9%84-gu05131-%D9%88-hq07118/,banana
30.jpg,dataset_images\30.jpg,https://torob.com/p/096dade3-e627-4e3a-b6bd-6f2f09e69fb8/%D9%87%D9%88%D8%AF%DB%8C-%D9%85%D8%B1%D8%AF%D8%A7%D9%86%D9%87-%D9%86%DB%8C%D9%85-%D8%B2%DB%8C%D9%BE-behbod-%D8%B1%D9%86%DA%AF-%D9%85%D8%B4%DA%A9%DB%8C-%D9%88-%DA%A9%D8%B1%D9%85/,person
30.jpg,dataset_images\30.jpg,https://torob.com/p/096dade3-e627-4e3a-b6bd-6f2f09e69fb8/%D9%87%D9%88%D8%AF%DB%8C-%D9%85%D8%B1%D8%AF%D8%A7%D9%86%D9%87-%D9%86%DB%8C%D9%85-%D8%B2%DB%8C%D9%BE-behbod-%D8%B1%D9%86%DA%AF-%D9%85%D8%B4%DA%A9%DB%8C-%D9%88-%DA%A9%D8%B1%D9%85/,person
300.jpg,dataset_images\300.jpg,https://www.digikala.com/product/dkp-21352423/%D9%87%D8%A7%DB%8C%D9%84%D8%A7%DB%8C%D8%AA%D8%B1-%D9%88%D8%B1%D8%AF%D8%A7-%D8%A8%DB%8C%D9%88%D8%AA%DB%8C-%D9%85%D8%AF%D9%84-glitter-%D8%B1%D9%86%DA%AF-%D8%B5%D8%AF%D9%81%DB%8C/?product_id=21352423&variant_id=80506036#gallery,unknown
301.jpg,dataset_images\301.jpg,https://www.digikala.com/product/dkp-21257114/%D9%BE%D8%B1%D8%A7%DB%8C%D9%85%D8%B1-%D8%B5%D9%88%D8%B1%D8%AA-%D9%81%D8%A7%D9%86%D9%88%D9%85%D8%A7-%D9%85%D8%AF%D9%84-long-lasting-%D9%85%D9%86%D8%A7%D8%B3%D8%A8-%D8%A8%D8%B1%D8%A7%DB%8C-%D9%BE%D9%88%D8%B3%D8%AA-%DA%86%D8%B1%D8%A8-%D9%88-%D9%85%D8%AE%D8%AA%D9%84%D8%B7-%D8%AD%D8%AC%D9%85-35-%D9%85%DB%8C%D9%84%DB%8C-%D9%84%DB%8C%D8%AA%D8%B1/?ad_variant_id=78562230&product_id=21257114&variant_id=78562230#gallery,unknown
302.jpg,dataset_images\302.jpg,https://www.digikala.com/product/dkp-5192707/%D9%BE%D8%B1%D8%A7%DB%8C%D9%85%D8%B1-%DA%A9%D8%A7%D9%84%DB%8C%D8%B3%D8%AA%D8%A7-%D9%85%D8%AF%D9%84-beauty-elixir-%D8%AD%D8%AC%D9%85-35-%D9%85%DB%8C%D9%84%DB%8C-%D9%84%DB%8C%D8%AA%D8%B1/?product_id=5192707&variant_id=73332851#gallery,unknown
303.jpg,dataset_images\303.jpg,https://www.digikala.com/product/dkp-21971545/%D9%BE%D8%B1%D8%A7%DB%8C%D9%85%D8%B1-%D8%B5%D9%88%D8%B1%D8%AA-%D8%A7%DB%8C%D8%A7%D9%84%D8%A7%D9%81-%D9%85%D8%AF%D9%84-power-grip-%D9%85%D9%86%D8%A7%D8%B3%D8%A8-%D8%A8%D8%B1%D8%A7%DB%8C-%D8%A7%D9%86%D9%88%D8%A7%D8%B9-%D9%BE%D9%88%D8%B3%D8%AA-%D8%AD%D8%AC%D9%85-27-%D9%85%DB%8C%D9%84%DB%8C%D9%84%DB%8C%D8%AA%D8%B1/?product_id=21971545&variant_id=80117889#gallery,parking meter
304.jpg,dataset_images\304.jpg,https://www.digikala.com/product/dkp-21528610/%D9%BE%D8%A7%D9%84%D8%AA-%D8%B1%DA%98-%DA%AF%D9%88%D9%86%D9%87-%D9%88%D9%84%D9%88-%D9%85%D8%AF%D9%84-sugar-%DA%A9%D8%AF-00/?product_id=21528610&variant_id=77505836#gallery,tv
305.jpg,dataset_images\305.jpg,https://www.digikala.com/product/dkp-10132122/%D8%B1%DB%8C%D9%85%D9%84-%D8%AD%D8%AC%D9%85-%D8%AF%D9%87%D9%86%D8%AF%D9%87-%D8%A7%D8%B3%D9%86%D8%B3-%D9%85%D8%AF%D9%84-i-love-extreme/?product_id=10132122&variant_id=74632514#gallery,unknown
306.jpg,dataset_images\306.jpg,https://www.digikala.com/product/dkp-20863332/%D8%B1%DB%8C%D9%85%D9%84-%D8%AD%D8%A7%D9%84%D8%AA-%D8%AF%D9%87%D9%86%D8%AF%D9%87-%DA%A9%D8%A7%D8%A8%D8%B1%DB%8C%D9%86%DB%8C-%D9%85%D8%AF%D9%84-exceptional/?product_id=20863332&variant_id=78267794#gallery,unknown
307.jpg,dataset_images\307.jpg,https://www.digikala.com/product/dkp-12226499/%D8%AE%D8%B7-%DA%86%D8%B4%D9%85-%D9%85%D8%A7%DA%98%DB%8C%DA%A9%DB%8C-%DB%8C%D8%A7%D9%86%DA%AF%D9%85%DB%8C-%D9%85%D8%AF%D9%84-wew45/?product_id=12226499&variant_id=76173324#gallery,unknown
308.jpg,dataset_images\308.jpg,https://www.digikala.com/product/dkp-21206478/%D8%AE%D8%B7-%DA%86%D8%B4%D9%85-%D9%85%D8%A7%DA%98%DB%8C%DA%A9%DB%8C-%DA%A9%DB%8C-%D8%A8%DB%8C-%D9%85%D8%AF%D9%84-waterproof-%D8%B1%D9%86%DA%AF-%D9%82%D9%87%D9%88%D9%87-%D8%A7%DB%8C/?product_id=21206478&variant_id=80575148#gallery,unknown
309.jpg,dataset_images\309.jpg,https://www.digikala.com/product/dkp-10500147/%D9%BE%D8%A7%D9%84%D8%AA-%D8%B3%D8%A7%DB%8C%D9%87-%DA%86%D8%B4%D9%85-%D8%AF%D9%88%D8%AF%D9%88-%DA%AF%D8%B1%D9%84-%D9%85%D8%AF%D9%84-fanizm-%D8%B4%D9%85%D8%A7%D8%B1%D9%87-033/?product_id=10500147&variant_id=73333216#gallery,keyboard
31.jpg,dataset_images\31.jpg,https://torob.com/p/092d6933-8dd8-4cd8-a0a7-fdd8de8205e8/%D8%AA%DB%8C%D8%B4%D8%B1%D8%AA-%D8%AF%D8%AE%D8%AA%D8%B1%D8%A7%D9%86%D9%87-%D8%B3%D8%A7%D9%85%D8%B1-%D8%B7%D8%B1%D8%AD-%DA%AF%D8%B1%D8%A8%D9%87-%D9%88-%D8%AA%D9%88%D8%AA-%D9%81%D8%B1%D9%86%DA%AF%DB%8C/,person
31.jpg,dataset_images\31.jpg,https://torob.com/p/092d6933-8dd8-4cd8-a0a7-fdd8de8205e8/%D8%AA%DB%8C%D8%B4%D8%B1%D8%AA-%D8%AF%D8%AE%D8%AA%D8%B1%D8%A7%D9%86%D9%87-%D8%B3%D8%A7%D9%85%D8%B1-%D8%B7%D8%B1%D8%AD-%DA%AF%D8%B1%D8%A8%D9%87-%D9%88-%D8%AA%D9%88%D8%AA-%D9%81%D8%B1%D9%86%DA%AF%DB%8C/,kite
310.jpg,dataset_images\310.jpg,https://www.digikala.com/product/dkp-4948424/%D9%85%D8%AF%D8%A7%D8%AF-%DA%86%D8%B4%D9%85-%D8%A8%D8%A7%D8%B1%DB%8C%D9%86-%D8%A8%DB%8C%D9%88%D8%AA%DB%8C-%D8%B4%D9%85%D8%A7%D8%B1%D9%87-03/?product_id=4948424&variant_id=78094520#gallery,unknown
311.jpg,dataset_images\311.jpg,https://www.digikala.com/product/dkp-12627301/%D9%BE%D8%A7%D9%84%D8%AA-%D8%B3%D8%A7%DB%8C%D9%87-%DA%86%D8%B4%D9%85-%D8%B4%DA%AF%D9%84%D9%85-%D9%85%D8%AF%D9%84-burgundy/?product_id=12627301&variant_id=81016589#gallery,unknown
312.jpg,dataset_images\312.jpg,https://www.digikala.com/product/dkp-924776/%D8%A7%D8%B3%D9%BE%D8%B1%DB%8C-%D8%AD%D8%A7%D9%84%D8%AA-%D8%AF%D9%87%D9%86%D8%AF%D9%87-%D9%85%D9%88-%DA%A9%D8%A7%D8%B3%D9%BE%DB%8C%D9%86-%D9%85%D8%AF%D9%84-02-%D8%AD%D8%AC%D9%85-500-%D9%85%DB%8C%D9%84%DB%8C-%D9%84%DB%8C%D8%AA%D8%B1/?product_id=924776&variant_id=75459657#gallery,surfboard
313.jpg,dataset_images\313.jpg,https://www.digikala.com/product/dkp-16598080/%D8%A7%D8%B3%D9%BE%D8%B1%DB%8C-%D8%AD%D8%A7%D9%84%D8%AA-%D8%AF%D9%87%D9%86%D8%AF%D9%87-%D9%85%D9%88-%D8%A8%D8%A7-%D9%82%D8%AF%D8%B1%D8%AA-%D8%AD%D9%81%D8%B8-%D8%AD%D8%A7%D9%84%D8%AA-%D9%85%D9%88-2-%D9%88%DB%8C%D8%AA%D8%A7%D9%BE%D9%84%DA%A9%D8%B3-%D9%85%D8%AF%D9%84-bleach-care-03-%D9%85%D9%86%D8%A7%D8%B3%D8%A8-%D9%85%D9%88-%D8%B1%D9%86%DA%AF-%D8%B4%D8%AF%D9%87-%D9%88-%D8%A2%D8%B3%DB%8C%D8%A8-%D8%AF%DB%8C%D8%AF%D9%87-%D8%AD%D8%AC%D9%85-300-%D9%85%DB%8C%D9%84%DB%8C-%D9%84%DB%8C%D8%AA%D8%B1/?product_id=16598080&variant_id=58330376#gallery,bottle
314.jpg,dataset_images\314.jpg,https://www.digikala.com/product/dkp-10406689/%D8%A8%D8%B1%D8%B3-%D9%85%D9%88-%D9%85%D8%AF%D9%84-%D9%81%D9%84%DA%A9%D8%B3%DB%8C-%D8%A7%D8%AE%D8%AA%D8%A7%D9%BE%D9%88%D8%B3%DB%8C/?product_id=10406689&variant_id=82570073#gallery,unknown
315.jpg,dataset_images\315.jpg,https://www.digikala.com/product/dkp-1848560/%D8%A8%D8%B1%D8%B3-%D9%85%D9%88-%D8%AF%DA%A9%D8%AA%D8%B1-%D9%85%D9%88%D8%B1%D9%86%DB%8C%D9%86%DA%AF-%D9%85%D8%AF%D9%84-01dr/?product_id=1848560&variant_id=40788952#gallery,clock
316.jpg,dataset_images\316.jpg,https://www.digikala.com/product/dkp-17774678/%D8%A8%D8%A7%D9%84%D9%85-%D9%84%D8%A8-%D8%AC%D8%A7%D9%85%D8%AF-%D8%AD%D8%B1%D8%A7%D8%B1%D8%AA%DB%8C-%D8%AF%DA%A9%D8%AA%D8%B1-%D9%87%D9%88-%D9%85%D8%AF%D9%84-dr-hooh-%D8%AF%D8%A7%D8%B1%D8%A7%DB%8C-%D8%AE%D8%A7%D8%B5%DB%8C%D8%AA-%D9%85%D8%B1%D8%B7%D9%88%D8%A8%DA%A9%D9%86%D9%86%D8%AF%D9%87-%D9%88-%D9%85%D9%86%D8%A7%D8%B3%D8%A8-%D9%BE%D9%88%D8%B3%D8%AA-%D9%85%D8%B9%D9%85%D9%88%D9%84%DB%8C/?product_id=17774678&variant_id=74055618#gallery,vase
316.jpg,dataset_images\316.jpg,https://www.digikala.com/product/dkp-17774678/%D8%A8%D8%A7%D9%84%D9%85-%D9%84%D8%A8-%D8%AC%D8%A7%D9%85%D8%AF-%D8%AD%D8%B1%D8%A7%D8%B1%D8%AA%DB%8C-%D8%AF%DA%A9%D8%AA%D8%B1-%D9%87%D9%88-%D9%85%D8%AF%D9%84-dr-hooh-%D8%AF%D8%A7%D8%B1%D8%A7%DB%8C-%D8%AE%D8%A7%D8%B5%DB%8C%D8%AA-%D9%85%D8%B1%D8%B7%D9%88%D8%A8%DA%A9%D9%86%D9%86%D8%AF%D9%87-%D9%88-%D9%85%D9%86%D8%A7%D8%B3%D8%A8-%D9%BE%D9%88%D8%B3%D8%AA-%D9%85%D8%B9%D9%85%D9%88%D9%84%DB%8C/?product_id=17774678&variant_id=74055618#gallery,vase
317.jpg,dataset_images\317.jpg,https://www.digikala.com/product/dkp-21100444/%D8%AA%DB%8C%D9%86%D8%AA-%D9%84%D8%A8-%D8%AF%DB%8C%D8%B1-%D8%AF%D8%A7%D8%B1%D9%84%DB%8C%D9%86%DA%AF-%D9%85%D8%AF%D9%84-strawberry-%D8%B4%D9%85%D8%A7%D8%B1%D9%87-2/?product_id=21100444&variant_id=81413363#gallery,unknown
318.jpg,dataset_images\318.jpg,https://www.digikala.com/product/dkp-13690938/%D8%A8%D8%A7%D9%84%D9%85-%D9%85%D8%B1%D8%B7%D9%88%D8%A8%DA%A9%D9%86%D9%86%D8%AF%D9%87-%D9%84%D8%A8-%D9%87%DB%8C%D8%AF%D8%B1%D9%88%D8%AF%D8%B1%D9%85-%D9%85%D8%AF%D9%84-cherry-blossom-%D8%A8%D8%A7-%D8%B7%D8%B9%D9%85-%DA%AF%DB%8C%D9%84%D8%A7%D8%B3-%D9%85%D9%86%D8%A7%D8%B3%D8%A8-%D9%BE%D9%88%D8%B3%D8%AA-%D8%AE%D8%B4%DA%A9-%D9%88-%D8%AA%D8%B1%DA%A9%D8%AE%D9%88%D8%B1%D8%AF%D9%87-%D8%AD%D8%A7%D9%88%DB%8C-%D9%88%DB%8C%D8%AA%D8%A7%D9%85%DB%8C%D9%86-e-%D9%88-%D8%B1%D9%88%D8%BA%D9%86-%D8%A8%D8%A7%D8%AF%D8%A7%D9%85-%D8%B4%DB%8C%D8%B1%DB%8C%D9%86-%D9%85%D9%86%D8%B4%D8%A3-%DA%AF%DB%8C%D8%A7%D9%87%DB%8C-%D9%85%D8%AD%D8%A7%D9%81%D8%B8%D8%AA%DA%A9%D9%86%D9%86%D8%AF%D9%87-%D9%88-%D8%B1%D8%B7%D9%88%D8%A8%D8%AA%D8%B1%D8%B3%D8%A7%D9%86/?product_id=13690938&variant_id=47236083#gallery,stop sign
319.jpg,dataset_images\319.jpg,https://www.digikala.com/product/dkp-7147064/%D8%B1%DA%98-%D9%84%D8%A8-%D8%AC%D8%A7%D9%85%D8%AF-%DA%AF%D9%84%D8%AF%D9%86-%D8%B1%D8%B2-%D8%B4%D9%85%D8%A7%D8%B1%D9%87-16/?product_id=7147064&variant_id=82707594#gallery,vase
32.jpg,dataset_images\32.jpg,https://torob.com/p/065fc63e-d85f-49ed-a515-2f91a54f8eae/%D8%AA%DB%8C%D8%B4%D8%B1%D8%AA-%D8%A8%DA%86%DA%AF%D8%A7%D9%86%D9%87-%D9%85%D8%A7%D9%86%DA%A9%DB%8C-%DA%A9%D8%AF-1364/,remote
320.jpg,dataset_images\320.jpg,https://www.digikala.com/product/dkp-2161182/%D8%B1%DA%98-%D9%84%D8%A8-%D8%AC%D8%A7%D9%85%D8%AF-%D8%A7%D9%84%DB%8C%D8%B2%D8%A7-%D8%B4%D9%85%D8%A7%D8%B1%D9%87-%DB%B1%DB%B1/?product_id=2161182&variant_id=6115962#gallery,unknown
321.jpg,dataset_images\321.jpg,https://www.digikala.com/product/dkp-5264418/%D8%AC%D8%A7-%DA%A9%D8%A7%D8%B1%D8%AA%DB%8C-%D9%85%D8%AF%D9%84-%D9%86%DB%8C%D8%A7%DB%8C%D8%B4/?product_id=5264418&variant_id=50442477,cell phone
322.jpg,dataset_images\322.jpg,https://www.digikala.com/product/dkp-21980477/%DA%A9%DB%8C%D9%81-%D9%BE%D9%88%D9%84-%D8%B2%D9%86%D8%A7%D9%86%D9%87-%D9%85%D8%AF%D9%84-%D8%A8%DB%8C%D9%88%D8%AA%DB%8C-%D9%84%D9%88%DA%A9%D8%B3-%DA%A9%D8%AF-kzd-0219/?product_id=21980477&variant_id=80211664#gallery,scissors
323.jpg,dataset_images\323.jpg,https://www.digikala.com/product/dkp-21897963/%DA%A9%D9%81%D8%B4-%D9%BE%DB%8C%D8%A7%D8%AF%D9%87%D8%B1%D9%88%DB%8C-%D9%85%D8%AF%D9%84-n53033/?product_id=21897963&variant_id=82416545#gallery,unknown
324.jpg,dataset_images\324.jpg,https://www.digikala.com/product/dkp-21540023/%DA%A9%D9%81%D8%B4-%D9%BE%DB%8C%D8%A7%D8%AF%D9%87%D8%B1%D9%88%DB%8C-%D9%85%D8%B1%D8%AF%D8%A7%D9%86%D9%87-361-%D8%AF%D8%B1%D8%AC%D9%87-%D9%85%D8%AF%D9%84-w53/?product_id=21540023&variant_id=82775319#gallery,unknown
325.jpg,dataset_images\325.jpg,https://www.digikala.com/product/dkp-22539891/%D8%B9%DB%8C%D9%86%DA%A9-%D8%A2%D9%81%D8%AA%D8%A7%D8%A8%DB%8C-%D9%85%D8%B1%D8%AF%D8%A7%D9%86%D9%87-%D8%A2%D9%84%D8%A8%D8%B1%D8%AA-%D9%88%DA%AF-%D9%85%D8%AF%D9%84-s15105c2-avantgarde-visionary/?ad_variant_id=82859393&product_id=22539891&variant_id=82859393#gallery,scissors
326.jpg,dataset_images\326.jpg,https://www.digikala.com/product/dkp-6038526/%D8%B9%DB%8C%D9%86%DA%A9-%D8%A2%D9%81%D8%AA%D8%A7%D8%A8%DB%8C-%D8%A7%D8%B3%D9%BE%D8%A7%DB%8C-%D9%85%D8%AF%D9%84-%D8%AA%D8%A7%D8%B4%D9%88-0041kn/?product_id=6038526&variant_id=68074048#gallery,unknown
327.jpg,dataset_images\327.jpg,https://www.digikala.com/product/dkp-20473699/%D8%B9%DB%8C%D9%86%DA%A9-%D8%A2%D9%81%D8%AA%D8%A7%D8%A8%DB%8C-%DA%86%D9%86%D8%AF-%D8%B6%D9%84%D8%B9%DB%8C-%D9%85%D8%AF%D9%84-jd2391/?product_id=20473699&variant_id=74961309#gallery,scissors
327.jpg,dataset_images\327.jpg,https://www.digikala.com/product/dkp-20473699/%D8%B9%DB%8C%D9%86%DA%A9-%D8%A2%D9%81%D8%AA%D8%A7%D8%A8%DB%8C-%DA%86%D9%86%D8%AF-%D8%B6%D9%84%D8%B9%DB%8C-%D9%85%D8%AF%D9%84-jd2391/?product_id=20473699&variant_id=74961309#gallery,mouse
327.jpg,dataset_images\327.jpg,https://www.digikala.com/product/dkp-20473699/%D8%B9%DB%8C%D9%86%DA%A9-%D8%A2%D9%81%D8%AA%D8%A7%D8%A8%DB%8C-%DA%86%D9%86%D8%AF-%D8%B6%D9%84%D8%B9%DB%8C-%D9%85%D8%AF%D9%84-jd2391/?product_id=20473699&variant_id=74961309#gallery,mouse
328.jpg,dataset_images\328.jpg,https://www.digikala.com/product/dkp-6089244/%D8%B3%D8%A7%D8%B9%D8%AA-%D9%85%DA%86%DB%8C-%D8%AF%DB%8C%D8%AC%DB%8C%D8%AA%D8%A7%D9%84-%DA%A9%D8%A7%D8%B3%DB%8C%D9%88-%D9%85%D8%AF%D9%84-la-20wh-2adf/?product_id=6089244&variant_id=28390139#gallery,parking meter
329.jpg,dataset_images\329.jpg,https://www.digikala.com/product/dkp-19323406/%D8%B3%D8%A7%D8%B9%D8%AA-%D9%85%DA%86%DB%8C-%D8%B9%D9%82%D8%B1%D8%A8%D9%87%D8%A7%DB%8C-%DA%A9%D9%88%D8%A7%D8%B1%D8%AA%D8%B2-%D9%85%D8%B1%D8%AF%D8%A7%D9%86%D9%87-%DA%A9%D8%A7%D8%B3%DB%8C%D9%88-%D9%85%D8%AF%D9%84-mtp-vt03d-1bdf/?product_id=19323406&variant_id=73391158#gallery,clock
33.jpg,dataset_images\33.jpg,https://torob.com/p/ff077fb5-3005-4aa7-b6c5-4f8401e10872/%D8%B4%D9%84%D9%88%D8%A7%D8%B1-%D8%AC%DB%8C%D9%86-%D8%AF%D8%AE%D8%AA%D8%B1%D8%A7%D9%86%D9%87-%D8%A7%D8%A8%DB%8C-%DA%A9%D8%AF-11234-%D8%B3%D8%A7%DB%8C%D8%B2-2-%D8%AA%D8%A7-7-%D8%B3%D8%A7%D9%84/,suitcase
330.jpg,dataset_images\330.jpg,https://www.digikala.com/product/dkp-21395339/%D8%B3%D8%A7%D8%B9%D8%AA-%D9%85%DA%86%DB%8C-%D8%B9%D9%82%D8%B1%D8%A8%D9%87%D8%A7%DB%8C-%D8%A7%D8%AA%D9%88%D9%85%D8%A7%D8%AA%DB%8C%DA%A9-%D8%A8%D8%B1%DB%8C%D9%86%DA%AF-%D9%85%D8%AF%D9%84-b19441-charity/?product_id=21395339&variant_id=76809875#gallery,clock
331.jpg,dataset_images\331.jpg,https://www.digikala.com/product/dkp-9967592/%D9%86%DB%8C%D9%85-%D8%A8%D9%88%D8%AA-%D8%B2%D9%86%D8%A7%D9%86%D9%87-%D8%B3%DB%8C-%DB%8C%D9%86%D8%A7-%D9%85%D8%AF%D9%84-995/?ad_variant_id=82867197&product_id=9967592&variant_id=82867197#gallery,umbrella
332.jpg,dataset_images\332.jpg,https://www.digikala.com/product/dkp-17128481/%D9%86%DB%8C%D9%85-%D8%A8%D9%88%D8%AA-%D8%B2%D9%86%D8%A7%D9%86%D9%87-%DA%86%D8%B1%D9%85-%D9%85%D8%B4%D9%87%D8%AF-%D9%85%D8%AF%D9%84-2714-001/?product_id=17128481&variant_id=76040883#gallery,vase
333.jpg,dataset_images\333.jpg,https://www.digikala.com/product/dkp-19928265/%DA%A9%D9%81%D8%B4-%D8%B2%D9%86%D8%A7%D9%86%D9%87-%D8%AF%DA%A9%D8%B3%D9%88%D9%86%D8%B1%DB%8C-%D9%85%D8%AF%D9%84-159004709/?product_id=19928265&variant_id=70404905#gallery,vase
333.jpg,dataset_images\333.jpg,https://www.digikala.com/product/dkp-19928265/%DA%A9%D9%81%D8%B4-%D8%B2%D9%86%D8%A7%D9%86%D9%87-%D8%AF%DA%A9%D8%B3%D9%88%D9%86%D8%B1%DB%8C-%D9%85%D8%AF%D9%84-159004709/?product_id=19928265&variant_id=70404905#gallery,vase
334.jpg,dataset_images\334.jpg,https://www.digikala.com/product/dkp-20481188/%DA%AF%D9%88%D8%B4%DB%8C-%D9%85%D9%88%D8%A8%D8%A7%DB%8C%D9%84-%D8%A7%D9%BE%D9%84-%D9%85%D8%AF%D9%84-iphone-17-pro-max-zaa-%D8%AA%DA%A9-%D8%B3%DB%8C%D9%85-%DA%A9%D8%A7%D8%B1%D8%AA-esim-%D8%B8%D8%B1%D9%81%DB%8C%D8%AA-256-%DA%AF%DB%8C%DA%AF%D8%A7%D8%A8%D8%A7%DB%8C%D8%AA-%D9%88-%D8%B1%D9%85-12-%DA%AF%DB%8C%DA%AF%D8%A7%D8%A8%D8%A7%DB%8C%D8%AA-%D9%86%D8%A7%D8%AA-%D8%A7%DA%A9%D8%AA%DB%8C%D9%88/?product_id=20481188&variant_id=79204388#gallery,cell phone
334.jpg,dataset_images\334.jpg,https://www.digikala.com/product/dkp-20481188/%DA%AF%D9%88%D8%B4%DB%8C-%D9%85%D9%88%D8%A8%D8%A7%DB%8C%D9%84-%D8%A7%D9%BE%D9%84-%D9%85%D8%AF%D9%84-iphone-17-pro-max-zaa-%D8%AA%DA%A9-%D8%B3%DB%8C%D9%85-%DA%A9%D8%A7%D8%B1%D8%AA-esim-%D8%B8%D8%B1%D9%81%DB%8C%D8%AA-256-%DA%AF%DB%8C%DA%AF%D8%A7%D8%A8%D8%A7%DB%8C%D8%AA-%D9%88-%D8%B1%D9%85-12-%DA%AF%DB%8C%DA%AF%D8%A7%D8%A8%D8%A7%DB%8C%D8%AA-%D9%86%D8%A7%D8%AA-%D8%A7%DA%A9%D8%AA%DB%8C%D9%88/?product_id=20481188&variant_id=79204388#gallery,remote
335.jpg,dataset_images\335.jpg,https://www.digikala.com/product/dkp-21083244/%DA%AF%D9%88%D8%B4%DB%8C-%D9%85%D9%88%D8%A8%D8%A7%DB%8C%D9%84-%D8%A7%D9%BE%D9%84-%D9%85%D8%AF%D9%84-iphone-15-ch-%D8%AF%D9%88-%D8%B3%DB%8C%D9%85-%DA%A9%D8%A7%D8%B1%D8%AA-%D8%B8%D8%B1%D9%81%DB%8C%D8%AA-128-%DA%AF%DB%8C%DA%AF%D8%A7%D8%A8%D8%A7%DB%8C%D8%AA-%D9%88-%D8%B1%D9%85-6-%DA%AF%DB%8C%DA%AF%D8%A7%D8%A8%D8%A7%DB%8C%D8%AA/?product_id=21083244&variant_id=82811720#gallery,vase
336.jpg,dataset_images\336.jpg,https://www.digikala.com/product/dkp-20135132/%DA%AF%D9%88%D8%B4%DB%8C-%D9%85%D9%88%D8%A8%D8%A7%DB%8C%D9%84-%D8%B3%D8%A7%D9%85%D8%B3%D9%88%D9%86%DA%AF-%D9%85%D8%AF%D9%84-galaxy-s25-fe-%D8%AF%D9%88-%D8%B3%DB%8C%D9%85-%DA%A9%D8%A7%D8%B1%D8%AA-%D8%B8%D8%B1%D9%81%DB%8C%D8%AA-256-%DA%AF%DB%8C%DA%AF%D8%A7%D8%A8%D8%A7%DB%8C%D8%AA-%D9%88-%D8%B1%D9%85-8-%DA%AF%DB%8C%DA%AF%D8%A7%D8%A8%D8%A7%DB%8C%D8%AA-%D9%88%DB%8C%D8%AA%D9%86%D8%A7%D9%85/#gallery,unknown
337.jpg,dataset_images\337.jpg,https://www.digikala.com/product/dkp-21362509/%DA%AF%D9%88%D8%B4%DB%8C-%D9%85%D9%88%D8%A8%D8%A7%DB%8C%D9%84-%D8%B3%D8%A7%D9%85%D8%B3%D9%88%D9%86%DA%AF-%D9%85%D8%AF%D9%84-galaxy-s26-plus-%D8%AF%D9%88-%D8%B3%DB%8C%D9%85-%DA%A9%D8%A7%D8%B1%D8%AA-%D8%B8%D8%B1%D9%81%DB%8C%D8%AA-256-%DA%AF%DB%8C%DA%AF%D8%A7%D8%A8%D8%A7%DB%8C%D8%AA-%D9%88-%D8%B1%D9%85-12-%DA%AF%DB%8C%DA%AF%D8%A7%D8%A8%D8%A7%DB%8C%D8%AA/?product_id=21362509&variant_id=81984632#gallery,unknown
338.jpg,dataset_images\338.jpg,https://www.digikala.com/product/dkp-20572881/%D9%84%D9%BE-%D8%AA%D8%A7%D9%BE-16-%D8%A7%DB%8C%D9%86%DA%86%DB%8C-%D8%A7%DB%8C%D8%B3%D9%88%D8%B3-%D9%85%D8%AF%D9%84-v16-v3607vu-rp118-core-7-240h-32gb-ddr5-5600mhz-512gb-ssd-rtx4050-6gb-fhd-144hz-%DA%A9%D8%A7%D8%B3%D8%AA%D9%88%D9%85-%D8%B4%D8%AF%D9%87/#gallery,laptop
339.jpg,dataset_images\339.jpg,https://www.digikala.com/product/dkp-22382449/%D9%84%D9%BE-%D8%AA%D8%A7%D9%BE-156-%D8%A7%DB%8C%D9%86%DA%86%DB%8C-%D9%84%D9%86%D9%88%D9%88-%D9%85%D8%AF%D9%84-v15-g5-irl-i3-1315u-8gb-ddr5-5200mhz-1tb-ssd-tn-%DA%A9%D8%A7%D8%B3%D8%AA%D9%88%D9%85-%D8%B4%D8%AF%D9%87/#gallery,laptop
339.jpg,dataset_images\339.jpg,https://www.digikala.com/product/dkp-22382449/%D9%84%D9%BE-%D8%AA%D8%A7%D9%BE-156-%D8%A7%DB%8C%D9%86%DA%86%DB%8C-%D9%84%D9%86%D9%88%D9%88-%D9%85%D8%AF%D9%84-v15-g5-irl-i3-1315u-8gb-ddr5-5200mhz-1tb-ssd-tn-%DA%A9%D8%A7%D8%B3%D8%AA%D9%88%D9%85-%D8%B4%D8%AF%D9%87/#gallery,tv
339.jpg,dataset_images\339.jpg,https://www.digikala.com/product/dkp-22382449/%D9%84%D9%BE-%D8%AA%D8%A7%D9%BE-156-%D8%A7%DB%8C%D9%86%DA%86%DB%8C-%D9%84%D9%86%D9%88%D9%88-%D9%85%D8%AF%D9%84-v15-g5-irl-i3-1315u-8gb-ddr5-5200mhz-1tb-ssd-tn-%DA%A9%D8%A7%D8%B3%D8%AA%D9%88%D9%85-%D8%B4%D8%AF%D9%87/#gallery,mouse
34.jpg,dataset_images\34.jpg,https://torob.com/p/d8ae9c8c-ca42-4c39-902f-01a1b0ed6a3d/%D9%87%D9%88%D8%AF%DB%8C-%D8%AF%D9%88%D8%B1%D8%B3-nyc-%D8%B2%D9%86%D8%A7%D9%86%D9%87-%D8%AF%D9%88%D8%B1%D9%86%DA%AF/,person
340.jpg,dataset_images\340.jpg,https://www.digikala.com/product/dkp-21681721/%D9%84%D9%BE-%D8%AA%D8%A7%D9%BE-14-%D8%A7%DB%8C%D9%86%DA%86%DB%8C-%D8%AF%D9%84-%D9%85%D8%AF%D9%84-wyse-5470-n4100-8gb-ddr4-2400mhz-512gb-ssd-tn-w-%DA%A9%D8%A7%D8%B3%D8%AA%D9%88%D9%85-%D8%B4%D8%AF%D9%87/#gallery,laptop
340.jpg,dataset_images\340.jpg,https://www.digikala.com/product/dkp-21681721/%D9%84%D9%BE-%D8%AA%D8%A7%D9%BE-14-%D8%A7%DB%8C%D9%86%DA%86%DB%8C-%D8%AF%D9%84-%D9%85%D8%AF%D9%84-wyse-5470-n4100-8gb-ddr4-2400mhz-512gb-ssd-tn-w-%DA%A9%D8%A7%D8%B3%D8%AA%D9%88%D9%85-%D8%B4%D8%AF%D9%87/#gallery,laptop
341.jpg,dataset_images\341.jpg,https://www.digikala.com/product/dkp-20177660/%D9%84%D9%BE-%D8%AA%D8%A7%D9%BE-16-%D8%A7%DB%8C%D9%86%DA%86%DB%8C-%D8%A7%DB%8C%D8%B3%D9%88%D8%B3-%D9%85%D8%AF%D9%84-tuf-gaming-f16-fx608jmr-f16i75060-i7-14650hx-rtx5060-8gb-32gb-ddr5-5600mhz-1tb-ssd-fhd-165hz-w/?product_id=20177660&variant_id=79283231#gallery,laptop
342.jpg,dataset_images\342.jpg,https://www.digikala.com/product/dkp-20770928/%D9%85%D8%A7%D9%88%D8%B3-%D8%A8%DB%8C-%D8%B3%DB%8C%D9%85-%D9%85%D8%AE%D8%B5%D9%88%D8%B5-%D8%A8%D8%A7%D8%B2%DB%8C-%D9%85%D8%AF%D9%84-optical-sensor/?ad_variant_id=73757066&product_id=20770928&variant_id=73757066#gallery,unknown
343.jpg,dataset_images\343.jpg,https://www.digikala.com/product/dkp-135764/%D9%85%D8%A7%D9%88%D8%B3-%D8%AC%D9%86%DB%8C%D9%88%D8%B3-%D9%85%D8%AF%D9%84-dx-110/?product_id=135764&variant_id=58093635#gallery,unknown
344.jpg,dataset_images\344.jpg,https://www.digikala.com/product/dkp-141244/%D9%85%D8%A7%D9%88%D8%B3-%D8%A8%DB%8C-%D8%B3%DB%8C%D9%85-%D9%84%D8%A7%D8%AC%DB%8C%D8%AA%DA%A9-%D9%85%D8%AF%D9%84-m171/?product_id=141244&variant_id=82831564#gallery,unknown
345.jpg,dataset_images\345.jpg,https://www.digikala.com/product/dkp-20881827/%DA%A9%DB%8C%D8%A8%D9%88%D8%B1%D8%AF-%DA%AF%DB%8C%D9%85%DB%8C%D9%86%DA%AF-%D9%BE%DB%8C-%D9%87%D8%A7%DB%8C-%D8%AA%DA%A9-%D9%85%D8%AF%D9%84-x260/?ad_variant_id=74293130&product_id=20881827&variant_id=74293130#gallery,keyboard
346.jpg,dataset_images\346.jpg,https://www.digikala.com/product/dkp-13141805/%DA%A9%DB%8C%D8%A8%D9%88%D8%B1%D8%AF-%D9%88-%D9%85%D8%A7%D9%88%D8%B3-%D8%A8%DB%8C-%D8%B3%DB%8C%D9%85-%D9%85%D8%A7%D9%81%DB%8C-%D9%85%D8%AF%D9%84-i-bean-%D8%B3%D9%88%DB%8C%DB%8C%DA%86-%D9%85%D9%85%D8%A8%D8%B1%D8%A7%D9%86-tenkeyless/?product_id=13141805&variant_id=80074165#gallery,remote
347.jpg,dataset_images\347.jpg,https://www.digikala.com/product/dkp-16795211/%DA%A9%DB%8C%D8%A8%D9%88%D8%B1%D8%AF-%DA%AF%DB%8C%D9%85%DB%8C%D9%86%DA%AF-%D9%81%D8%A7%D8%B7%D8%B1-%D9%85%D8%AF%D9%84-kcr-8000b-%D9%85%DA%A9%D8%A7%D9%86%DB%8C%DA%A9%D8%A7%D9%84-%D8%B3%D9%88%DB%8C%DB%8C%DA%86-%D9%82%D8%B1%D9%85%D8%B2-tenkeyless-%D9%86%D9%88%D8%B1%D9%BE%D8%B1%D8%AF%D8%A7%D8%B2%DB%8C-rgb/?ad_variant_id=58597032&product_id=16795211&variant_id=58597032#gallery,keyboard
348.jpg,dataset_images\348.jpg,https://www.digikala.com/product/dkp-19507570/%DA%A9%DB%8C%D9%81-%D8%AF%D9%88%D8%B4%DB%8C-%D8%B2%D9%86%D8%A7%D9%86%D9%87-%D9%BE%D8%B1%D8%AA%DB%8C%D8%B2%D8%B3-%D9%85%D8%AF%D9%84-x3-146-%DA%A9%D8%AF-2010139/?ad_variant_id=77676876&product_id=19507570&variant_id=77676876#gallery,suitcase
349.jpg,dataset_images\349.jpg,https://www.digikala.com/product/dkp-21860584/%DA%A9%DB%8C%D9%81-%D8%AF%D9%88%D8%B4%DB%8C-%D8%B2%D9%86%D8%A7%D9%86%D9%87-%D8%A8%D9%88%D8%A8%D9%88-%D9%85%D8%AF%D9%84-7658-%DA%A9%D8%AF-2010172/?product_id=21860584&variant_id=79583797#gallery,unknown
35.jpg,dataset_images\35.jpg,https://torob.com/p/a532e940-68c4-419b-b653-490249cda05e/%D8%B3%D9%88%DB%8C%D8%B4%D8%B1%D8%AA-%D9%81%DB%8C%D9%86%DA%AF%D8%B1%D8%AF%D8%A7%D8%B1-%D8%A7%D8%B3%D9%BE%D9%86%D8%AF%DA%A9%D8%B3/,person
35.jpg,dataset_images\35.jpg,https://torob.com/p/a532e940-68c4-419b-b653-490249cda05e/%D8%B3%D9%88%DB%8C%D8%B4%D8%B1%D8%AA-%D9%81%DB%8C%D9%86%DA%AF%D8%B1%D8%AF%D8%A7%D8%B1-%D8%A7%D8%B3%D9%BE%D9%86%D8%AF%DA%A9%D8%B3/,backpack
350.jpg,dataset_images\350.jpg,https://www.digikala.com/product/dkp-21272158/%DA%A9%DB%8C%D9%81-%D8%AF%D9%88%D8%B4%DB%8C-%D8%B2%D9%86%D8%A7%D9%86%D9%87-%D9%85%D8%AF%D9%84-%D9%82%D8%A7%DB%8C%D9%82%DB%8C/?product_id=21272158&variant_id=76303842#gallery,unknown
351.jpg,dataset_images\351.jpg,https://www.digikala.com/product/dkp-2076296/%D8%A7%D8%AF%DA%A9%D9%84%D9%86-%D9%85%D8%B1%D8%AF%D8%A7%D9%86%D9%87-%DA%AF%D9%84%D8%A7%D9%86-%D9%85%D8%AF%D9%84-eaude-cologne-%D8%AD%D8%AC%D9%85-90-%D9%85%DB%8C%D9%84%DB%8C%D9%84%DB%8C%D8%AA%D8%B1/?product_id=2076296&variant_id=81665549,vase
352.jpg,dataset_images\352.jpg,https://www.digikala.com/product/dkp-5077443/%D8%A7%D8%AF%DA%A9%D9%84%D9%86-%D9%85%D8%B1%D8%AF%D8%A7%D9%86%D9%87-%D9%85%DB%8C%D9%84%D8%A7%D9%86%D9%88-%D9%85%D8%AF%D9%84-%D8%A7%D8%B3%D9%BE%D8%B1%D8%AA-%D8%AD%D8%AC%D9%85-100-%D9%85%DB%8C%D9%84%DB%8C-%D9%84%DB%8C%D8%AA%D8%B1/?product_id=5077443&variant_id=77918524#gallery,unknown
353.jpg,dataset_images\353.jpg,https://www.digikala.com/product/dkp-19565639/%D8%A7%D8%AF%D9%88-%D9%BE%D8%B1%D9%81%DB%8C%D9%88%D9%85-%D9%85%D8%B1%D8%AF%D8%A7%D9%86%D9%87-%DA%A9%D9%84%D9%BE%DA%A9-%D9%85%D8%AF%D9%84-%D8%AF%D8%A7%D9%86%D9%87%DB%8C%D9%84-%D8%AF%DB%8C%D8%B2%D8%A7%DB%8C%D8%B1-%D8%A8%D9%84%D9%88-%D8%A8%D8%A7-%D8%B1%D8%A7%DB%8C%D8%AD%D9%87-%D8%AE%D9%86%DA%A9-%D8%AD%D8%AC%D9%85-50-%D9%85%DB%8C%D9%84%DB%8C-%D9%84%DB%8C%D8%AA%D8%B1/?product_id=19565639&variant_id=70204084#gallery,unknown
354.jpg,dataset_images\354.jpg,https://www.digikala.com/product/dkp-17269389/%D8%A7%D8%AF%D9%88-%D9%BE%D8%B1%D9%81%DB%8C%D9%88%D9%85-%D9%85%D8%B1%D8%AF%D8%A7%D9%86%D9%87-%D9%84%D8%A7%D9%84%DB%8C%DA%A9%D9%88-%D9%85%D8%AF%D9%84-%D8%AF%DB%8C%D8%B2%D8%A7%DB%8C%D8%B1-%D8%A8%D9%84%D9%88-%D8%A8%D8%A7-%D8%B1%D8%A7%DB%8C%D8%AD%D9%87-%D8%AE%D9%86%DA%A9-%D8%AD%D8%AC%D9%85-70-%D9%85%DB%8C%D9%84%DB%8C-%D9%84%DB%8C%D8%AA%D8%B1/?product_id=17269389&variant_id=63378221#gallery,bottle
355.jpg,dataset_images\355.jpg,https://www.digikala.com/product/dkp-18140204/%DB%8C%D8%AE%DA%86%D8%A7%D9%84-%D9%88-%D9%81%D8%B1%DB%8C%D8%B2%D8%B1-%D8%AF%D9%88%D9%82%D9%84%D9%88-%D9%BE%D8%A7%DA%A9%D8%B4%D9%88%D9%85%D8%A7-%D9%85%D8%AF%D9%84-rtra-rtfa%DB%B9%DB%B0%DB%B1iw-n%DB%B2/?product_id=18140204&variant_id=76478331#gallery,traffic light
355.jpg,dataset_images\355.jpg,https://www.digikala.com/product/dkp-18140204/%DB%8C%D8%AE%DA%86%D8%A7%D9%84-%D9%88-%D9%81%D8%B1%DB%8C%D8%B2%D8%B1-%D8%AF%D9%88%D9%82%D9%84%D9%88-%D9%BE%D8%A7%DA%A9%D8%B4%D9%88%D9%85%D8%A7-%D9%85%D8%AF%D9%84-rtra-rtfa%DB%B9%DB%B0%DB%B1iw-n%DB%B2/?product_id=18140204&variant_id=76478331#gallery,traffic light
356.jpg,dataset_images\356.jpg,https://www.digikala.com/product/dkp-20968908/%DB%8C%D8%AE%DA%86%D8%A7%D9%84-%D9%81%D8%B1%DB%8C%D8%B2%D8%B1-%D8%B7%D8%B1%D8%AD-%D9%81%D8%B1%DB%8C%D8%B2%D8%B1-%D9%BE%D8%A7%DB%8C%DB%8C%D9%86-19-%D9%81%D9%88%D8%AA-%D9%BE%D8%A7%DA%A9%D8%B4%D9%88%D9%85%D8%A7-%D9%85%D8%AF%D9%84-%DB%8C%D8%AE%DA%86%D8%A7%D9%84-%D9%81%D8%B1%DB%8C%D8%B2%D8%B1-%D8%B7%D8%B1%D8%AD-%D9%81%D8%B1%DB%8C%D8%B2%D8%B1-%D9%BE%D8%A7%DB%8C%DB%8C%D9%86-19-%D9%81%D9%88%D8%AA-%D9%BE%D8%A7%DA%A9%D8%B4%D9%88%D9%85%D8%A7%D9%85%D8%AF%D9%84-rcp-495-x-bmf-%D8%AF%D8%A7%D8%B1%D8%A7%DB%8C-%D8%A2%D8%A8%D8%B3%D8%B1%D8%AF%DA%A9%D9%86-%D9%86%D9%85%D8%A7%DB%8C%D8%B4%DA%AF%D8%B1-%DB%8C%D8%AE%D8%B3%D8%A7%D8%B2-%D8%A7%D8%AA%D9%88%D9%85%D8%A7%D8%AA%DB%8C%DA%A9/?product_id=20968908&variant_id=77656107#gallery,refrigerator
357.jpg,dataset_images\357.jpg,https://www.digikala.com/product/dkp-21607821/%DB%8C%D8%AE%DA%86%D8%A7%D9%84-%D9%81%D8%B1%DB%8C%D8%B2%D8%B1-%D8%AF%D9%88%D9%82%D9%84%D9%88-21-%D9%81%D9%88%D8%AA-%D8%A7%D9%84%DA%A9%D8%AA%D8%B1%D9%88%D8%A7%D8%B3%D8%AA%DB%8C%D9%84-%D9%85%D8%AF%D9%84-%D9%81%DB%8C%D9%88%DA%86%D8%B1/?product_id=21607821&variant_id=82784454#gallery,unknown
358.jpg,dataset_images\358.jpg,https://www.digikala.com/product/dkp-21256215/%D9%85%D8%A7%D8%B4%DB%8C%D9%86-%D9%84%D8%A8%D8%A7%D8%B3%D8%B4%D9%88%DB%8C%DB%8C-9-%DA%A9%DB%8C%D9%84%D9%88%DA%AF%D8%B1%D9%85-%D8%A7%D8%AA%D9%88%D9%85%D8%A7%D8%AA%DB%8C%DA%A9-%D8%A7%D9%84-%D8%AC%DB%8C-%D9%85%D8%AF%D9%84-f2y1vyp6j/?product_id=21256215&variant_id=82364865#gallery,clock
359.jpg,dataset_images\359.jpg,https://www.digikala.com/product/dkp-21781538/%D9%85%D8%A7%D8%B4%DB%8C%D9%86-%D9%84%D8%A8%D8%A7%D8%B3%D8%B4%D9%88%DB%8C%DB%8C-5-%DA%A9%DB%8C%D9%84%D9%88%DA%AF%D8%B1%D9%85-%D8%A7%D8%AA%D9%88%D9%85%D8%A7%D8%AA%DB%8C%DA%A9-%D8%A2%D8%A8%D8%B3%D8%A7%D9%84-%D9%85%D8%AF%D9%84-wre5410-w/?product_id=21781538&variant_id=79088533#gallery,oven
36.jpg,dataset_images\36.jpg,https://torob.com/p/0986e044-0380-462e-bcd6-15688ad08a5d/%D9%87%D9%88%D8%AF%DB%8C-%D8%AF%D8%AE%D8%AA%D8%B1%D8%A7%D9%86%D9%87-%D9%85%D8%B4%DA%A9%DB%8C/,person
36.jpg,dataset_images\36.jpg,https://torob.com/p/0986e044-0380-462e-bcd6-15688ad08a5d/%D9%87%D9%88%D8%AF%DB%8C-%D8%AF%D8%AE%D8%AA%D8%B1%D8%A7%D9%86%D9%87-%D9%85%D8%B4%DA%A9%DB%8C/,person
360.jpg,dataset_images\360.jpg,https://www.digikala.com/product/dkp-4008857/%D9%85%D8%A7%D8%B4%DB%8C%D9%86-%D9%84%D8%A8%D8%A7%D8%B3%D8%B4%D9%88%DB%8C%DB%8C-6-%DA%A9%DB%8C%D9%84%D9%88%DA%AF%D8%B1%D9%85-%D8%A7%D8%AA%D9%88%D9%85%D8%A7%D8%AA%DB%8C%DA%A9-%D8%A7%DB%8C%DA%A9%D8%B3-%D9%88%DB%8C%DA%98%D9%86-%D9%85%D8%AF%D9%84-te62-awas/?product_id=4008857&variant_id=16805811#gallery,mouse
361.jpg,dataset_images\361.jpg,https://www.digikala.com/product/dkp-10762791/%D8%A7%D8%AC%D8%A7%D9%82-%DA%AF%D8%A7%D8%B2-5-%D8%B4%D8%B9%D9%84%D9%87-%D8%A8%D9%88%DA%AF%D8%B1-%D9%85%D8%AF%D9%84-908/?ad_variant_id=55437095&product_id=10762791&variant_id=55437095#gallery,oven
362.jpg,dataset_images\362.jpg,https://www.digikala.com/product/dkp-22099064/%D8%A7%D8%AC%D8%A7%D9%82-%DA%AF%D8%A7%D8%B2-%DA%A9%D8%A7%D8%A8%DB%8C%D9%86%D8%AA%DB%8C-%D9%BE%D9%86%D8%AC-%D8%B4%D8%B9%D9%84%D9%87-%D8%AF%D9%86%D9%BE%D8%A7%D8%B3%D8%B1-%D9%85%D8%AF%D9%84-ntech-up/?product_id=22099064&variant_id=80830776#gallery,oven
363.jpg,dataset_images\363.jpg,https://www.digikala.com/product/dkp-14120050/%D8%A7%D8%AC%D8%A7%D9%82-%DA%AF%D8%A7%D8%B2-5-%D8%B4%D8%B9%D9%84%D9%87-%D8%A7%D8%B3%D9%86%D9%88%D8%A7-%D9%85%D8%AF%D9%84-sgc5-11101/?product_id=14120050&variant_id=49270956#gallery,oven
364.jpg,dataset_images\364.jpg,https://www.digikala.com/product/dkp-3710520/%D9%BE%DA%A9%DB%8C%D8%AC-%D8%B4%D9%88%D9%81%D8%A7%DA%98-%D8%AF%DB%8C%D9%88%D8%A7%D8%B1%DB%8C-%D8%A7%DB%8C%D8%B1%D8%A7%D9%86-%D8%B1%D8%A7%D8%AF%DB%8C%D8%A7%D8%AA%D9%88%D8%B1-%D9%85%D8%AF%D9%84-l24ff/?product_id=3710520&variant_id=80313066#gallery,unknown
365.jpg,dataset_images\365.jpg,https://www.digikala.com/product/dkp-21370144/%D9%BE%DA%A9%DB%8C%D8%AC-%D8%B4%D9%88%D9%81%D8%A7%DA%98-%D8%AF%DB%8C%D9%88%D8%A7%D8%B1%DB%8C-32000-%D9%88%D8%A7%D8%AA-%D8%A2%D8%AA%D8%A7%D9%BE%D8%A7%DB%8C%D9%BE-%D9%85%D8%AF%D9%84-%D8%B3%D8%B1%DB%8C-%D8%A7%D9%84%D8%AA%D8%B1%D8%A7-%D8%A7%D8%B3%D9%85%D8%A7%D8%B1%D8%AA/?product_id=21370144&variant_id=78802444#gallery,unknown
366.jpg,dataset_images\366.jpg,https://www.digikala.com/product/dkp-15948785/%D9%87%D9%88%D8%A7%D9%BE%D8%B2-62-%D9%84%DB%8C%D8%AA%D8%B1-%D9%81%DB%8C%D9%84%DB%8C%D9%BE%D8%B3-%D9%85%D8%AF%D9%84-na230/?product_id=15948785&variant_id=72285502#gallery,clock
367.jpg,dataset_images\367.jpg,https://www.digikala.com/product/dkp-20710396/%D9%87%D9%88%D8%A7%D9%BE%D8%B2-9-%D9%84%DB%8C%D8%AA%D8%B1-%DA%AF%D9%88%D8%B3%D9%88%D9%86%DB%8C%DA%A9-%D9%85%D8%AF%D9%84-gaf-879/?product_id=20710396&variant_id=73804217#gallery,microwave
368.jpg,dataset_images\368.jpg,https://www.digikala.com/product/dkp-20625315/%D9%87%D9%88%D8%A7%D9%BE%D8%B2-65-%D9%84%DB%8C%D8%AA%D8%B1-%D8%B4%DB%8C%D8%A7%D8%A6%D9%88%D9%85%DB%8C-%D9%85%D8%AF%D9%84-maf-w6501/?product_id=20625315&variant_id=80570351#gallery,refrigerator
369.jpg,dataset_images\369.jpg,https://www.digikala.com/product/dkp-18916115/%D8%BA%D8%B0%D8%A7%D8%B3%D8%A7%D8%B2-3800-%D9%88%D8%A7%D8%AA-%D9%BE%D8%A7%D9%86%D8%A7%D8%B3%D9%88%D9%86%DB%8C%DA%A9-%D9%85%D8%AF%D9%84-grinder-blade64-japan-2025/?product_id=18916115&variant_id=80520827#gallery,toilet
37.jpg,dataset_images\37.jpg,https://torob.com/p/fd746981-27cb-4c9f-a66c-19ed866139e5/%D9%BE%DB%8C%D8%B1%D8%A7%D9%87%D9%86-%D8%B3%D8%A7%D8%AD%D9%84%DB%8C-%D8%AF%D8%AE%D8%AA%D8%B1%D8%A7%D9%86%D9%87-%D8%A8%DA%86%DA%AF%D8%A7%D9%86%D9%87-%DA%A9%D8%AA%D8%A7%D9%86-%D8%B3%D8%A7%DB%8C%D8%B2-2-%D8%AA%D8%A7-4-%D8%B1%D9%86%DA%AF-%D9%82%D8%B1%D9%85%D8%B2-%D9%88-%D8%B5%D9%88%D8%B1%D8%AA%DB%8C-%D9%88-%D8%B3%D8%B1%D9%85%D9%87-%D8%A7%DB%8C/,unknown
370.jpg,dataset_images\370.jpg,https://www.digikala.com/product/dkp-21906275/%D8%BA%D8%B0%D8%A7%D8%B3%D8%A7%D8%B2-%DA%86%D9%86%D8%AF%DA%A9%D8%A7%D8%B1%D9%87-800-%D9%88%D8%A7%D8%AA-%DA%A9%D9%86%D9%88%D9%88%D8%AF-%D9%85%D8%AF%D9%84-fdp31270gy/?product_id=21906275&variant_id=80214205#gallery,unknown
371.jpg,dataset_images\371.jpg,https://www.digikala.com/product/dkp-13945967/%D9%85%D8%AE%D9%84%D9%88%D8%B7-%DA%A9%D9%86-%D9%88-%D8%A2%D8%B3%DB%8C%D8%A7%D8%A8-%DA%A9%D9%86-%DA%A9%D9%86%D9%88%D9%88%D8%AF-%D9%85%D8%AF%D9%84-blm45/?product_id=13945967&variant_id=77456618#gallery,parking meter
372.jpg,dataset_images\372.jpg,https://www.digikala.com/product/dkp-20058578/%D9%85%D8%AE%D9%84%D9%88%D8%B7-%DA%A9%D9%86-065-%D9%84%DB%8C%D8%AA%D8%B1%DB%8C-%D9%86%DB%8C%D9%86%D8%AC%D8%A7-%D9%85%D8%AF%D9%84-bc251/?product_id=20058578&variant_id=82469469,vase
373.jpg,dataset_images\373.jpg,https://www.digikala.com/product/dkp-857341/%D9%85%D8%A7%DA%A9%D8%B1%D9%88%D9%88%DB%8C%D9%88-%D9%BE%D8%A7%D9%86%D8%A7%D8%B3%D9%88%D9%86%DB%8C%DA%A9-%D9%85%D8%AF%D9%84-nn-st34/?product_id=857341&variant_id=78097721#gallery,unknown
374.jpg,dataset_images\374.jpg,https://www.digikala.com/product/dkp-4543259/%D9%85%D8%A7%DB%8C%DA%A9%D8%B1%D9%88%D9%88%DB%8C%D9%88-34-%D9%84%DB%8C%D8%AA%D8%B1-%D9%85%DB%8C%DA%AF%D9%84-%D9%85%D8%AF%D9%84-gmw-342/?product_id=4543259&variant_id=79155435#gallery,tv
375.jpg,dataset_images\375.jpg,https://www.digikala.com/product/dkp-22122518/%D9%87%D8%AF%D9%81%D9%88%D9%86-%D9%88%D9%88%D9%86%DA%A9-%D9%85%D8%AF%D9%84-elo-4/?product_id=22122518&variant_id=82684025#gallery,unknown
376.jpg,dataset_images\376.jpg,https://www.digikala.com/product/dkp-22111154/%D9%87%D8%AF%D9%81%D9%88%D9%86-%D8%B1%DB%8C%D9%88%D9%84%DB%8C%D9%86%DA%A9-%D9%85%D8%AF%D9%84-tpo-pro2/?ad_variant_id=82683935&product_id=22111154&variant_id=82683935#gallery,suitcase
377.jpg,dataset_images\377.jpg,https://www.digikala.com/product/dkp-20422049/%D9%87%D8%AF%D9%81%D9%88%D9%86-%D8%A8%D9%84%D9%88%D8%AA%D9%88%D8%AB%DB%8C-%D8%A7%D9%BE%D9%84-%D9%85%D8%AF%D9%84-airpods-pro-3/?product_id=20422049&variant_id=76310656,unknown
378.jpg,dataset_images\378.jpg,https://www.digikala.com/product/dkp-14677157/%D9%87%D8%AF%D9%81%D9%88%D9%86-%D8%A8%D9%84%D9%88%D8%AA%D9%88%D8%AB%DB%8C-%DA%A9%DB%8C%D9%88-%D8%B3%DB%8C-%D9%88%D8%A7%DB%8C-%D9%85%D8%AF%D9%84-h3/?product_id=14677157&variant_id=81359110#gallery,unknown
379.jpg,dataset_images\379.jpg,https://www.digikala.com/product/dkp-7388800/%D9%87%D8%AF%D8%B3%D8%AA-%D9%85%D8%AE%D8%B5%D9%88%D8%B5-%D8%A8%D8%A7%D8%B2%DB%8C-%D8%AA%D8%B3%DA%A9%D9%88-%D9%85%D8%AF%D9%84-gh-5157/?product_id=7388800&variant_id=45665863#gallery,unknown
38.jpg,dataset_images\38.jpg,https://torob.com/p/df30ea06-6a5a-406d-822c-1927afec6162/%D8%A8%D8%A7%D9%81%D8%AA-%D8%B3%D9%86%D8%AA%DB%8C-%D8%AF%D8%AE%D8%AA%D8%B1%D8%A7%D9%86%D9%87-%DA%86%D8%B1%DB%8C-%DA%86%D8%B1%DB%8C/,book
38.jpg,dataset_images\38.jpg,https://torob.com/p/df30ea06-6a5a-406d-822c-1927afec6162/%D8%A8%D8%A7%D9%81%D8%AA-%D8%B3%D9%86%D8%AA%DB%8C-%D8%AF%D8%AE%D8%AA%D8%B1%D8%A7%D9%86%D9%87-%DA%86%D8%B1%DB%8C-%DA%86%D8%B1%DB%8C/,bed
380.jpg,dataset_images\380.jpg,https://www.digikala.com/product/dkp-10898295/%D9%87%D8%AF%D9%81%D9%88%D9%86-%D8%A8%D9%84%D9%88%D8%AA%D9%88%D8%AB%DB%8C-%D9%85%D8%AF%D9%84-p47m-%D9%81%D8%A7%D9%82%D8%AF-%D9%86%D9%88%DB%8C%D8%B2-%DA%A9%D9%86%D8%B3%D9%84%DB%8C%D9%86%DA%AF-%D8%AF%D8%B1%DA%AF%D8%A7%D9%87-%D8%B4%D8%A7%D8%B1%DA%98-microusb-%D8%AF%D8%A7%D8%B1%D8%A7%DB%8C-%D9%85%DB%8C%DA%A9%D8%B1%D9%88%D9%81%D9%88%D9%86-%D8%AF%D8%A7%D8%AE%D9%84%DB%8C-%D9%85%D9%82%D8%A7%D9%88%D9%85-%D8%AF%D8%B1-%D8%A8%D8%B1%D8%A7%D8%A8%D8%B1-%D8%B1%D8%B7%D9%88%D8%A8%D8%AA-%D9%88-%D8%B9%D8%B1%D9%82/?product_id=10898295&variant_id=82522456#gallery,toilet
381.jpg,dataset_images\381.jpg,https://www.digikala.com/product/dkp-17227195/%D9%BE%D8%B1%DB%8C%D9%86%D8%AA%D8%B1-%DA%A9%D8%A7%D9%86%D9%86-%D8%B1%D9%86%DA%AF%DB%8C-%D8%B3%D9%87-%DA%A9%D8%A7%D8%B1%D9%87-%D8%A8%D8%A7-%DA%86%D8%A7%D9%BE-%D8%AC%D9%88%D9%87%D8%B1%D8%A7%D9%81%D8%B4%D8%A7%D9%86-%D9%85%D8%AF%D9%84-pixma-mg2541s-%D8%B3%D8%A7%DB%8C%D8%B2-%DA%86%D8%A7%D9%BE-a4-%D9%85%D8%AC%D9%87%D8%B2-%D8%A8%D9%87-%D9%BE%D9%88%D8%B1%D8%AA-usb/?product_id=17227195&variant_id=79506894#gallery,microwave
382.jpg,dataset_images\382.jpg,https://www.digikala.com/product/dkp-8850244/%D9%BE%D8%B1%DB%8C%D9%86%D8%AA%D8%B1-%D8%A7%DA%86%D9%BE%DB%8C-%D8%AA%DA%A9-%D8%B1%D9%86%DA%AF-%D8%B3%D9%87-%DA%A9%D8%A7%D8%B1%D9%87-%D8%A8%D8%A7-%DA%86%D8%A7%D9%BE-%D9%84%DB%8C%D8%B2%D8%B1%DB%8C-%D9%85%D8%AF%D9%84-laserjet-mfp-m141w-%D8%B3%D8%A7%DB%8C%D8%B2-%DA%86%D8%A7%D9%BE-a4-%D9%85%D8%AC%D9%87%D8%B2-%D8%A8%D9%87-%D9%86%D8%B1%D9%85-%D8%A7%D9%81%D8%B2%D8%A7%D8%B1-%D9%88%D8%A7%D8%B3%D8%B7-%D8%A7%D8%B1%D8%AA%D8%A8%D8%A7%D8%B7%DB%8C-api/?product_id=8850244&variant_id=76880268#gallery,unknown
383.jpg,dataset_images\383.jpg,https://www.digikala.com/product/dkp-22298948/%DA%A9%DB%8C%D8%B3-%DA%A9%D8%A7%D9%85%D9%BE%DB%8C%D9%88%D8%AA%D8%B1-%D8%B1%D8%AF%D8%B1%D8%A7%DA%AF%D9%88%D9%86-%D9%85%D8%AF%D9%84-edge-ca-608/?product_id=22298948&variant_id=82288423#gallery,unknown
384.jpg,dataset_images\384.jpg,https://www.digikala.com/product/dkp-3215746/%DA%A9%DB%8C%D8%B3-%DA%A9%D8%A7%D9%85%D9%BE%DB%8C%D9%88%D8%AA%D8%B1-%DA%AF%D8%B1%DB%8C%D9%86-%D9%85%D8%AF%D9%84-homa/?product_id=3215746&variant_id=63648192#gallery,microwave
385.jpg,dataset_images\385.jpg,https://www.digikala.com/product/dkp-17918558/%DA%A9%DB%8C%D8%B3-%DA%A9%D8%A7%D9%85%D9%BE%DB%8C%D9%88%D8%AA%D8%B1-%D8%B3%D8%A7%D8%A8%DB%8C%D8%AA-%D9%85%D8%AF%D9%84-sabit-cg-24/?product_id=17918558&variant_id=62453306#gallery,refrigerator
386.jpg,dataset_images\386.jpg,https://www.digikala.com/product/dkp-20564567/%D8%AE%D9%85%DB%8C%D8%B1-%D8%AF%D9%86%D8%AF%D8%A7%D9%86-%D8%B6%D8%AF-%D8%B2%D8%B1%D8%AF%DB%8C-%D9%85%DB%8C%D8%B3%D9%88%DB%8C%DA%A9-%D9%85%D8%AF%D9%84-01-%D8%AD%D8%AC%D9%85-75-%D9%85%DB%8C%D9%84%DB%8C-%D9%84%DB%8C%D8%AA%D8%B1/?product_id=20564567&variant_id=73801608,unknown
387.jpg,dataset_images\387.jpg,https://www.digikala.com/product/dkp-2306514/%D8%AE%D9%85%DB%8C%D8%B1-%D8%AF%D9%86%D8%AF%D8%A7%D9%86-%DA%A9%D9%88%D9%84%DA%AF%DB%8C%D8%AA-%D9%85%D8%AF%D9%84-triple-%D8%AD%D8%AC%D9%85-100-%D9%85%DB%8C%D9%84%DB%8C-%D9%84%DB%8C%D8%AA%D8%B1/?product_id=2306514&variant_id=81785897#gallery,unknown
388.jpg,dataset_images\388.jpg,https://www.digikala.com/product/dkp-18175931/%D8%AE%D9%85%DB%8C%D8%B1-%D8%AF%D9%86%D8%AF%D8%A7%D9%86-%D8%A7%D9%88%D8%B1%D8%A7%D9%84-%D8%A8%DB%8C-%D9%85%D8%AF%D9%84-ultimate-fresh-%D8%AD%D8%AC%D9%85-75-%D9%85%DB%8C%D9%84%DB%8C-%D9%84%DB%8C%D8%AA%D8%B1/?product_id=18175931&variant_id=78736986#gallery,bottle
389.jpg,dataset_images\389.jpg,https://www.digikala.com/product/dkp-21736472/%D9%85%D8%B3%D9%88%D8%A7%DA%A9-%D8%AF%DB%8C%D8%AC%D9%88-%D9%85%D8%AF%D9%84-%DB%B1%DB%B3%DB%B4-%D8%A8%D8%A7-%D8%A8%D8%B1%D8%B3-%D8%AE%DB%8C%D9%84%DB%8C-%D9%86%D8%B1%D9%85-%D9%85%D9%86%D8%A7%D8%B3%D8%A8-%D8%A8%D8%B1%D8%A7%DB%8C-%D8%AF%D9%86%D8%AF%D8%A7%D9%86-%D9%87%D8%A7%DB%8C-%D8%AE%DB%8C%D9%84%DB%8C-%D8%AD%D8%B3%D8%A7%D8%B3/?product_id=21736472&variant_id=78816399,unknown
39.jpg,dataset_images\39.jpg,https://torob.com/p/64d07672-5c6c-4c6a-b6d6-5818de699ec4/%D8%A8%D8%A7%D9%81%D8%AA-%D9%BE%DB%8C%D9%86%D8%AA%D8%B1%D8%B3%D8%AA%DB%8C-%DA%A9%D8%AF-135/,person
390.jpg,dataset_images\390.jpg,https://www.digikala.com/product/dkp-762272/%D9%85%D8%B3%D9%88%D8%A7%DA%A9-%D8%B4%DB%8C%D8%A7%D8%A6%D9%88%D9%85%DB%8C-%D9%85%D8%AF%D9%84-b-bass-%D8%A8%D8%A7-%D8%A8%D8%B1%D8%B3-854171299226321/?product_id=762272&variant_id=50539349#gallery,unknown
391.jpg,dataset_images\391.jpg,https://www.digikala.com/product/dkp-114056/%D8%AF%D9%87%D8%A7%D9%86-%D8%B4%D9%88%DB%8C%D9%87-%D9%88%DB%8C-%D9%88%D8%A7%D9%86-%D9%85%D8%AF%D9%84-general-cool-mint-%D8%AD%D8%AC%D9%85-330-%D9%85%DB%8C%D9%84%DB%8C-%D9%84%DB%8C%D8%AA%D8%B1/?product_id=114056&variant_id=76856819#gallery,unknown
392.jpg,dataset_images\392.jpg,https://www.digikala.com/product/dkp-1564558/%D8%AF%D9%87%D8%A7%D9%86-%D8%B4%D9%88%DB%8C%D9%87-%D9%85%DB%8C%D8%B3%D9%88%DB%8C%DA%A9-%D9%85%D8%AF%D9%84-anti-plaque-%D8%AD%D8%AC%D9%85-400-%D9%85%DB%8C%D9%84%DB%8C-%D9%84%DB%8C%D8%AA%D8%B1/?product_id=1564558&variant_id=10455736#gallery,bottle
393.jpg,dataset_images\393.jpg,https://www.digikala.com/product/dkp-16010357/%D9%85%D8%A7%D8%B4%DB%8C%D9%86-%D8%AD%D8%B3%D8%A7%D8%A8-%D9%85%D8%AF%D9%84-%D8%AF%D8%A7%D9%86%D8%B4-%D8%A2%D9%85%D9%88%D8%B2%DB%8C/?product_id=16010357&variant_id=73906265#gallery,cell phone
393.jpg,dataset_images\393.jpg,https://www.digikala.com/product/dkp-16010357/%D9%85%D8%A7%D8%B4%DB%8C%D9%86-%D8%AD%D8%B3%D8%A7%D8%A8-%D9%85%D8%AF%D9%84-%D8%AF%D8%A7%D9%86%D8%B4-%D8%A2%D9%85%D9%88%D8%B2%DB%8C/?product_id=16010357&variant_id=73906265#gallery,remote
394.jpg,dataset_images\394.jpg,https://www.digikala.com/product/dkp-15944080/%D9%85%D8%A7%D8%B4%DB%8C%D9%86-%D8%AD%D8%B3%D8%A7%D8%A8-%D9%85%D8%AF%D9%84-%D9%86%D9%88%D8%B1%DB%8C-%D8%B7%D8%B1%D8%AD-%D8%B1%D9%86%DA%AF%DB%8C-%D8%B1%D9%86%DA%AF%DB%8C/?product_id=15944080&variant_id=72653137#gallery,donut
394.jpg,dataset_images\394.jpg,https://www.digikala.com/product/dkp-15944080/%D9%85%D8%A7%D8%B4%DB%8C%D9%86-%D8%AD%D8%B3%D8%A7%D8%A8-%D9%85%D8%AF%D9%84-%D9%86%D9%88%D8%B1%DB%8C-%D8%B7%D8%B1%D8%AD-%D8%B1%D9%86%DA%AF%DB%8C-%D8%B1%D9%86%DA%AF%DB%8C/?product_id=15944080&variant_id=72653137#gallery,donut
394.jpg,dataset_images\394.jpg,https://www.digikala.com/product/dkp-15944080/%D9%85%D8%A7%D8%B4%DB%8C%D9%86-%D8%AD%D8%B3%D8%A7%D8%A8-%D9%85%D8%AF%D9%84-%D9%86%D9%88%D8%B1%DB%8C-%D8%B7%D8%B1%D8%AD-%D8%B1%D9%86%DA%AF%DB%8C-%D8%B1%D9%86%DA%AF%DB%8C/?product_id=15944080&variant_id=72653137#gallery,donut
394.jpg,dataset_images\394.jpg,https://www.digikala.com/product/dkp-15944080/%D9%85%D8%A7%D8%B4%DB%8C%D9%86-%D8%AD%D8%B3%D8%A7%D8%A8-%D9%85%D8%AF%D9%84-%D9%86%D9%88%D8%B1%DB%8C-%D8%B7%D8%B1%D8%AD-%D8%B1%D9%86%DA%AF%DB%8C-%D8%B1%D9%86%DA%AF%DB%8C/?product_id=15944080&variant_id=72653137#gallery,cake
394.jpg,dataset_images\394.jpg,https://www.digikala.com/product/dkp-15944080/%D9%85%D8%A7%D8%B4%DB%8C%D9%86-%D8%AD%D8%B3%D8%A7%D8%A8-%D9%85%D8%AF%D9%84-%D9%86%D9%88%D8%B1%DB%8C-%D8%B7%D8%B1%D8%AD-%D8%B1%D9%86%DA%AF%DB%8C-%D8%B1%D9%86%DA%AF%DB%8C/?product_id=15944080&variant_id=72653137#gallery,cake
394.jpg,dataset_images\394.jpg,https://www.digikala.com/product/dkp-15944080/%D9%85%D8%A7%D8%B4%DB%8C%D9%86-%D8%AD%D8%B3%D8%A7%D8%A8-%D9%85%D8%AF%D9%84-%D9%86%D9%88%D8%B1%DB%8C-%D8%B7%D8%B1%D8%AD-%D8%B1%D9%86%DA%AF%DB%8C-%D8%B1%D9%86%DA%AF%DB%8C/?product_id=15944080&variant_id=72653137#gallery,cake
394.jpg,dataset_images\394.jpg,https://www.digikala.com/product/dkp-15944080/%D9%85%D8%A7%D8%B4%DB%8C%D9%86-%D8%AD%D8%B3%D8%A7%D8%A8-%D9%85%D8%AF%D9%84-%D9%86%D9%88%D8%B1%DB%8C-%D8%B7%D8%B1%D8%AD-%D8%B1%D9%86%DA%AF%DB%8C-%D8%B1%D9%86%DA%AF%DB%8C/?product_id=15944080&variant_id=72653137#gallery,donut
394.jpg,dataset_images\394.jpg,https://www.digikala.com/product/dkp-15944080/%D9%85%D8%A7%D8%B4%DB%8C%D9%86-%D8%AD%D8%B3%D8%A7%D8%A8-%D9%85%D8%AF%D9%84-%D9%86%D9%88%D8%B1%DB%8C-%D8%B7%D8%B1%D8%AD-%D8%B1%D9%86%DA%AF%DB%8C-%D8%B1%D9%86%DA%AF%DB%8C/?product_id=15944080&variant_id=72653137#gallery,donut
394.jpg,dataset_images\394.jpg,https://www.digikala.com/product/dkp-15944080/%D9%85%D8%A7%D8%B4%DB%8C%D9%86-%D8%AD%D8%B3%D8%A7%D8%A8-%D9%85%D8%AF%D9%84-%D9%86%D9%88%D8%B1%DB%8C-%D8%B7%D8%B1%D8%AD-%D8%B1%D9%86%DA%AF%DB%8C-%D8%B1%D9%86%DA%AF%DB%8C/?product_id=15944080&variant_id=72653137#gallery,donut
395.jpg,dataset_images\395.jpg,https://www.digikala.com/product/dkp-976246/%D9%85%D8%A7%D8%B4%DB%8C%D9%86-%D8%AD%D8%B3%D8%A7%D8%A8-%D9%85%D9%87%D9%86%D8%AF%D8%B3%DB%8C-%D8%AC%D9%88%DB%8C%D9%86%D9%88%D8%B3-%D9%85%D8%AF%D9%84-js-82ms-5/?product_id=976246&variant_id=73952331#gallery,cell phone
395.jpg,dataset_images\395.jpg,https://www.digikala.com/product/dkp-976246/%D9%85%D8%A7%D8%B4%DB%8C%D9%86-%D8%AD%D8%B3%D8%A7%D8%A8-%D9%85%D9%87%D9%86%D8%AF%D8%B3%DB%8C-%D8%AC%D9%88%DB%8C%D9%86%D9%88%D8%B3-%D9%85%D8%AF%D9%84-js-82ms-5/?product_id=976246&variant_id=73952331#gallery,remote
396.jpg,dataset_images\396.jpg,https://www.digikala.com/product/dkp-82098/%D8%B4%D8%A7%D9%85%D9%BE%D9%88-%D8%AA%D9%82%D9%88%DB%8C%D8%AA%DA%A9%D9%86%D9%86%D8%AF%D9%87-%D8%B6%D8%AF-%D8%B1%DB%8C%D8%B2%D8%B4-%D9%85%D9%88-%D9%81%D9%88%D9%84%DB%8C%DA%A9%D8%A7-%D9%85%D8%AE%D8%B5%D9%88%D8%B5-%D9%85%D9%88%D9%87%D8%A7%DB%8C-%D9%86%D8%A7%D8%B2%DA%A9-%D9%88-%D8%A2%D8%B3%DB%8C%D8%A8%D8%AF%DB%8C%D8%AF%D9%87-%D8%AD%D8%AC%D9%85-200-%D9%85%DB%8C%D9%84%DB%8C%D9%84%DB%8C%D8%AA%D8%B1-%D8%AD%D8%A7%D9%88%DB%8C-%D9%88%DB%8C%D8%AA%D8%A7%D9%85%DB%8C%D9%86%D9%87%D8%A7%DB%8C-b7-%D9%88-b6-%DA%A9%D8%A7%D9%81%D8%A6%DB%8C%D9%86-%D9%88-%D8%B2%DB%8C%D9%86%DA%A9-%D8%B3%D9%88%D9%84%D9%81%D8%A7%D8%AA-%D8%A7%D9%81%D8%B2%D8%A7%DB%8C%D8%B4-%D8%AC%D8%B1%DB%8C%D8%A7%D9%86-%D8%AE%D9%88%D9%86-%D9%85%D9%88%DB%8C%D8%B1%DA%AF%DB%8C-%D9%BE%D9%88%D8%B3%D8%AA-%D8%B3%D8%B1-%D9%88-%D8%AA%D9%82%D9%88%DB%8C%D8%AA-%D9%BE%DB%8C%D8%A7%D8%B2-%D9%85%D9%88-%D8%A8%D8%A7-%D8%B9%D8%B5%D8%A7%D8%B1%D9%87-%D8%A2%D8%B1%D9%86%DB%8C%DA%A9%D8%A7/?product_id=82098&variant_id=73526178#gallery,cell phone
397.jpg,dataset_images\397.jpg,https://www.digikala.com/product/dkp-4648575/%D8%B4%D8%A7%D9%85%D9%BE%D9%88-%D8%AA%D9%82%D9%88%DB%8C%D8%AA-%DA%A9%D9%86%D9%86%D8%AF%D9%87-%D9%88-%D8%B6%D8%AF-%D8%B1%DB%8C%D8%B2%D8%B4-%D9%85%D9%88-%D9%85%D9%88%D8%B1%DB%8C%D9%86%DA%AF%D8%A7-%D8%A7%D9%85%D9%88-%D9%85%D8%AE%D8%B5%D9%88%D8%B5-%D9%BE%D9%88%D8%B3%D8%AA-%D8%B3%D8%B1-%DA%86%D8%B1%D8%A8-%D9%88-%D8%B3%D8%A7%D8%B2%DA%AF%D8%A7%D8%B1-%D8%A8%D8%A7-%D9%85%D9%88%D9%87%D8%A7%DB%8C-%D8%AE%D8%B4%DA%A9-%D8%AD%D8%AC%D9%85-400-%D9%85%DB%8C%D9%84%DB%8C%D9%84%DB%8C%D8%AA%D8%B1-%D9%85%D8%AF%D9%84-1-%D8%AD%D8%A7%D9%88%DB%8C-%D9%88%DB%8C%D8%AA%D8%A7%D9%85%DB%8C%D9%86-e-b5-%D9%88-%DA%A9%D8%A7%D9%81%D8%A6%DB%8C%D9%86-%D8%A8%D8%AF%D9%88%D9%86-%D8%B3%D9%88%D9%84%D9%81%D8%A7%D8%AA-%D8%A8%D8%A7-%D9%82%D8%A7%D8%A8%D9%84%DB%8C%D8%AA-%D9%85%DB%8C%D8%B2%D8%A7%D9%86-%D8%B3%D8%A7%D8%B2%DB%8C-%DA%86%D8%B1%D8%A8%DB%8C-%D9%85%D9%88-%D9%88-%D9%BE%D9%88%D8%B3%D8%AA-%D8%B3%D8%B1-%D8%A8%D8%A7-%D8%B9%D8%B5%D8%A7%D8%B1%D9%87-%D9%84%D8%A7%D9%81%D8%A7%D8%A7%D9%88%DB%8C%D9%84-%D9%88-%D8%B1%D9%88%D8%BA%D9%86-%D8%AF%D8%B1%D8%AE%D8%AA-%DA%86%D8%A7%DB%8C/?product_id=4648575&variant_id=27496046#gallery,unknown
398.jpg,dataset_images\398.jpg,https://www.digikala.com/product/dkp-20764601/%D8%B4%D8%A7%D9%85%D9%BE%D9%88-%D9%85%D9%88-%D9%88%DB%8C%D8%AA-%DB%8C%D9%88-%D9%85%D8%AF%D9%84-pink-peonies-%D8%AD%D8%AC%D9%85-300-%D9%85%DB%8C%D9%84%DB%8C%D9%84%DB%8C%D8%AA%D8%B1-%D9%85%D9%86%D8%A7%D8%B3%D8%A8-%D9%85%D9%88%D9%87%D8%A7%DB%8C-%D8%AE%D8%B4%DA%A9-%D9%88-%D9%88%D8%B2%D8%AF%D8%A7%D8%B1-%D9%86%D8%B1%D9%85%DA%A9%D9%86%D9%86%D8%AF%D9%87-%D9%85%D8%B1%D8%B7%D9%88%D8%A8%DA%A9%D9%86%D9%86%D8%AF%D9%87-%D8%AA%D9%82%D9%88%DB%8C%D8%AA%DA%A9%D9%86%D9%86%D8%AF%D9%87-%D8%AA%D8%B1%D9%85%DB%8C%D9%85%DA%A9%D9%86%D9%86%D8%AF%D9%87-%D8%B6%D8%AF-%D9%88%D8%B2-%D9%88-%D8%AD%D8%A7%D9%84%D8%AA%D8%AF%D9%87%D9%86%D8%AF%D9%87-%D8%A7%D8%A8%D8%B1%DB%8C%D8%B4%D9%85%DB%8C/?product_id=20764601&variant_id=77234480#gallery,bottle
399.jpg,dataset_images\399.jpg,https://www.digikala.com/product/dkp-16189819/%D8%AA%D8%A8%D9%84%D8%AA-13-%D8%A7%DB%8C%D9%86%DA%86%DB%8C-%D9%85%D8%A7%DB%8C%DA%A9%D8%B1%D9%88%D8%B3%D8%A7%D9%81%D8%AA-%D9%85%D8%AF%D9%84-surface-pro-10-core-ultra-5-135u-%D8%B8%D8%B1%D9%81%DB%8C%D8%AA-512-%DA%AF%DB%8C%DA%AF%D8%A7%D8%A8%D8%A7%DB%8C%D8%AA-%D9%88-%D8%B1%D9%85-16-%DA%AF%DB%8C%DA%AF%D8%A7%D8%A8%D8%A7%DB%8C%D8%AA/#gallery,scissors
4.jpg,dataset_images\4.jpg,https://torob.com/p/41ba286a-3542-4c67-9e11-d93532b50210/%D8%B4%D9%84%D9%88%D8%A7%D8%B1-%D8%A8%DA%AF-%D9%85%D8%A7%D8%B2%D8%B1%D8%A7%D8%AA%DB%8C-%D8%B2%D9%86%D9%88%D9%86%D9%87-%D8%B1%DB%8C%D8%B2%D8%B4%DB%8C-%D8%B4%D9%84%D9%88%D8%A7%D8%B1-%D8%A8%DA%AF-%D9%BE%D8%A7%D8%B1%DA%86%D9%87-%D8%A7%DB%8C-%D8%B4%DB%8C%DA%A9-%D9%88-%D8%B1%D8%A7%D8%AD%D8%AA/,person
40.jpg,dataset_images\40.jpg,https://torob.com/p/dc2a830d-df4c-4415-91d0-7b657a514dbe/%DA%A9%D8%A7%D9%BE%D8%B4%D9%86-%D8%A8%D9%88%D9%81%D8%A7%D9%84%D9%88-%DA%A9%D8%AA%D8%A7%D9%86-%D8%A7%D8%B3%D9%BE%D8%B1%D8%AA-%D8%B3%D8%A7%DB%8C%D8%B2-s/,book
40.jpg,dataset_images\40.jpg,https://torob.com/p/dc2a830d-df4c-4415-91d0-7b657a514dbe/%DA%A9%D8%A7%D9%BE%D8%B4%D9%86-%D8%A8%D9%88%D9%81%D8%A7%D9%84%D9%88-%DA%A9%D8%AA%D8%A7%D9%86-%D8%A7%D8%B3%D9%BE%D8%B1%D8%AA-%D8%B3%D8%A7%DB%8C%D8%B2-s/,teddy bear
40.jpg,dataset_images\40.jpg,https://torob.com/p/dc2a830d-df4c-4415-91d0-7b657a514dbe/%DA%A9%D8%A7%D9%BE%D8%B4%D9%86-%D8%A8%D9%88%D9%81%D8%A7%D9%84%D9%88-%DA%A9%D8%AA%D8%A7%D9%86-%D8%A7%D8%B3%D9%BE%D8%B1%D8%AA-%D8%B3%D8%A7%DB%8C%D8%B2-s/,book
40.jpg,dataset_images\40.jpg,https://torob.com/p/dc2a830d-df4c-4415-91d0-7b657a514dbe/%DA%A9%D8%A7%D9%BE%D8%B4%D9%86-%D8%A8%D9%88%D9%81%D8%A7%D9%84%D9%88-%DA%A9%D8%AA%D8%A7%D9%86-%D8%A7%D8%B3%D9%BE%D8%B1%D8%AA-%D8%B3%D8%A7%DB%8C%D8%B2-s/,teddy bear
400.jpg,dataset_images\400.jpg,https://www.digikala.com/product/dkp-20706185/%D8%AA%D8%A8%D9%84%D8%AA-%DB%B1%DB%B1-%D8%A7%DB%8C%D9%86%DA%86-%D8%A7%D9%BE%D9%84-%D9%85%D8%AF%D9%84-ipad-pro-2025-m5-wi-fi-%D8%B8%D8%B1%D9%81%DB%8C%D8%AA-256-%DA%AF%DB%8C%DA%AF%D8%A7%D8%A8%D8%A7%DB%8C%D8%AA-%D9%88-%D8%B1%D9%85-12-%DA%AF%DB%8C%DA%AF%D8%A7%D8%A8%D8%A7%DB%8C%D8%AA-%D8%B1%D8%B2%D9%88%D9%84%D9%88%D8%B4%D9%86-%D8%AF%D9%88%D8%B1%D8%A8%DB%8C%D9%86-12-%D9%85%DA%AF%D8%A7%D9%BE%DB%8C%DA%A9%D8%B3%D9%84-%D9%BE%D8%B4%D8%AA%DB%8C%D8%A8%D8%A7%D9%86%DB%8C-%D8%A7%D8%B2-%D9%82%D9%84%D9%85-%D9%88-%DA%A9%DB%8C%D8%A8%D9%88%D8%B1%D8%AF/?product_id=20706185&variant_id=81622199#gallery,unknown
41.jpg,dataset_images\41.jpg,https://torob.com/p/76f7ec04-8d1e-4628-8c60-bf0efb2b9067/%DA%A9%D8%A7%D9%BE%D8%B4%D9%86-%D9%BE%D8%B3%D8%B1%D8%A7%D9%86%D9%87-%D9%88%D8%A7%D8%B1%D8%AF%D8%A7%D8%AA%DB%8C-%DA%A9%DB%8C%D9%81%DB%8C%D8%AA-%D8%B9%D8%A7%D9%84%DB%8C-%D9%85%D8%AF%D9%84-%D9%84%D8%B4-%D8%B3%D8%A7%DB%8C%D8%B2-150-%D9%88-160%D9%88-170-%D8%B3%D8%A7%DB%8C%D8%B2-1/,person
41.jpg,dataset_images\41.jpg,https://torob.com/p/76f7ec04-8d1e-4628-8c60-bf0efb2b9067/%DA%A9%D8%A7%D9%BE%D8%B4%D9%86-%D9%BE%D8%B3%D8%B1%D8%A7%D9%86%D9%87-%D9%88%D8%A7%D8%B1%D8%AF%D8%A7%D8%AA%DB%8C-%DA%A9%DB%8C%D9%81%DB%8C%D8%AA-%D8%B9%D8%A7%D9%84%DB%8C-%D9%85%D8%AF%D9%84-%D9%84%D8%B4-%D8%B3%D8%A7%DB%8C%D8%B2-150-%D9%88-160%D9%88-170-%D8%B3%D8%A7%DB%8C%D8%B2-1/,person
41.jpg,dataset_images\41.jpg,https://torob.com/p/76f7ec04-8d1e-4628-8c60-bf0efb2b9067/%DA%A9%D8%A7%D9%BE%D8%B4%D9%86-%D9%BE%D8%B3%D8%B1%D8%A7%D9%86%D9%87-%D9%88%D8%A7%D8%B1%D8%AF%D8%A7%D8%AA%DB%8C-%DA%A9%DB%8C%D9%81%DB%8C%D8%AA-%D8%B9%D8%A7%D9%84%DB%8C-%D9%85%D8%AF%D9%84-%D9%84%D8%B4-%D8%B3%D8%A7%DB%8C%D8%B2-150-%D9%88-160%D9%88-170-%D8%B3%D8%A7%DB%8C%D8%B2-1/,person
41.jpg,dataset_images\41.jpg,https://torob.com/p/76f7ec04-8d1e-4628-8c60-bf0efb2b9067/%DA%A9%D8%A7%D9%BE%D8%B4%D9%86-%D9%BE%D8%B3%D8%B1%D8%A7%D9%86%D9%87-%D9%88%D8%A7%D8%B1%D8%AF%D8%A7%D8%AA%DB%8C-%DA%A9%DB%8C%D9%81%DB%8C%D8%AA-%D8%B9%D8%A7%D9%84%DB%8C-%D9%85%D8%AF%D9%84-%D9%84%D8%B4-%D8%B3%D8%A7%DB%8C%D8%B2-150-%D9%88-160%D9%88-170-%D8%B3%D8%A7%DB%8C%D8%B2-1/,toilet
42.jpg,dataset_images\42.jpg,https://torob.com/p/859a7744-a0fa-4974-bd7f-622fef53be06/%DA%A9%D9%81%D8%B4-%DA%A9%D8%AA%D8%A7%D9%86%DB%8C-%D9%88%D9%86%D8%B3-%D9%BE%D9%88%D9%84%D9%88-%D8%B3%D8%A7%DB%8C%D8%B2-37-%D8%AA%D8%A7-40-%D8%B1%D9%86%DA%AF-%D8%B3%D8%B1%D9%85%D9%87-%D8%A7%DB%8C-%D9%88-%D8%A7%D8%A8%DB%8C/,skateboard
42.jpg,dataset_images\42.jpg,https://torob.com/p/859a7744-a0fa-4974-bd7f-622fef53be06/%DA%A9%D9%81%D8%B4-%DA%A9%D8%AA%D8%A7%D9%86%DB%8C-%D9%88%D9%86%D8%B3-%D9%BE%D9%88%D9%84%D9%88-%D8%B3%D8%A7%DB%8C%D8%B2-37-%D8%AA%D8%A7-40-%D8%B1%D9%86%DA%AF-%D8%B3%D8%B1%D9%85%D9%87-%D8%A7%DB%8C-%D9%88-%D8%A7%D8%A8%DB%8C/,person
42.jpg,dataset_images\42.jpg,https://torob.com/p/859a7744-a0fa-4974-bd7f-622fef53be06/%DA%A9%D9%81%D8%B4-%DA%A9%D8%AA%D8%A7%D9%86%DB%8C-%D9%88%D9%86%D8%B3-%D9%BE%D9%88%D9%84%D9%88-%D8%B3%D8%A7%DB%8C%D8%B2-37-%D8%AA%D8%A7-40-%D8%B1%D9%86%DA%AF-%D8%B3%D8%B1%D9%85%D9%87-%D8%A7%DB%8C-%D9%88-%D8%A7%D8%A8%DB%8C/,cell phone
43.jpg,dataset_images\43.jpg,https://torob.com/p/440c8399-31dd-4485-b455-ac9c957f3c4f/%D8%B5%D9%86%D8%AF%D9%84-%D8%B1%DA%A9%D8%A7%D8%A8%D8%AF%D8%A7%D8%B1-%D8%A8%DA%86%DA%AF%D8%A7%D9%86%D9%87-%D9%87%D9%BE%DB%8C-%DA%A9%D8%B1%D9%88%D9%85%DB%8C-%D8%B3%D8%A7%DB%8C%D8%B2-30-%D8%AA%D8%A7-34-%D8%A7%D8%B2-%D9%BE%D9%84%D8%A7%D8%B3%D8%AA%DB%8C%DA%A9/,unknown
44.jpg,dataset_images\44.jpg,https://torob.com/p/838e7b09-f1de-4f55-a70b-526d4242ccde/%DA%A9%D9%81%D8%B4-%D9%88%D9%86%D8%B3-%D8%AF%D8%AE%D8%AA%D8%B1%D8%A7%D9%86%D9%87-%D9%85%D8%AF%D9%84-%D9%81%D9%86%D8%AF%DB%8C-%DA%A9%D8%AF-126/,person
44.jpg,dataset_images\44.jpg,https://torob.com/p/838e7b09-f1de-4f55-a70b-526d4242ccde/%DA%A9%D9%81%D8%B4-%D9%88%D9%86%D8%B3-%D8%AF%D8%AE%D8%AA%D8%B1%D8%A7%D9%86%D9%87-%D9%85%D8%AF%D9%84-%D9%81%D9%86%D8%AF%DB%8C-%DA%A9%D8%AF-126/,cake
44.jpg,dataset_images\44.jpg,https://torob.com/p/838e7b09-f1de-4f55-a70b-526d4242ccde/%DA%A9%D9%81%D8%B4-%D9%88%D9%86%D8%B3-%D8%AF%D8%AE%D8%AA%D8%B1%D8%A7%D9%86%D9%87-%D9%85%D8%AF%D9%84-%D9%81%D9%86%D8%AF%DB%8C-%DA%A9%D8%AF-126/,laptop
45.jpg,dataset_images\45.jpg,https://torob.com/p/ded5f338-cb81-4bfe-b4bc-a504027ddc12/%D8%B3%D8%AA-%DA%A9%DB%8C%D9%81-%D9%88-%DA%A9%D9%81%D8%B4-%D8%AF%D8%AE%D8%AA%D8%B1%D8%A7%D9%86%D9%87-%D8%AA%D8%B1%D9%86%D8%AF%DB%8C%D9%86-%D8%A7%D9%85%D8%B3%D8%A7%D9%84/,person
45.jpg,dataset_images\45.jpg,https://torob.com/p/ded5f338-cb81-4bfe-b4bc-a504027ddc12/%D8%B3%D8%AA-%DA%A9%DB%8C%D9%81-%D9%88-%DA%A9%D9%81%D8%B4-%D8%AF%D8%AE%D8%AA%D8%B1%D8%A7%D9%86%D9%87-%D8%AA%D8%B1%D9%86%D8%AF%DB%8C%D9%86-%D8%A7%D9%85%D8%B3%D8%A7%D9%84/,handbag
46.jpg,dataset_images\46.jpg,https://torob.com/p/a98d08e8-7d29-4410-bf03-7f83d9a1ccdf/%D8%B3%D8%AA-%DA%A9%DB%8C%D9%81-%D9%88-%DA%A9%D9%81%D8%B4-%D8%A8%DA%86%DA%AF%D8%A7%D9%86%D9%87-%D8%AF%D8%B1%DB%8C%D8%A7-%D9%85%D8%AF%D9%84-%D8%B4%D8%A7%D9%84%DB%8C%D8%B2-_-%DA%86%D8%B1%D9%85-%D8%B7%D8%A8%DB%8C%D8%B9%DB%8C-%D9%81%D9%84%D9%88%D8%AA%D8%B1/,bed
47.jpg,dataset_images\47.jpg,https://torob.com/p/7665b2d7-9f1c-49e4-b660-902842afed73/%DA%86%D9%85%D8%AF%D8%A7%D9%86-%DA%A9%D8%A7%D8%AA%D8%B1%D9%BE%DB%8C%D9%84%D8%A7%D8%B1-%D8%B3%D8%A7%DB%8C%D8%B2-%D8%A8%D8%B2%D8%B1%DA%AF-%DA%86%D8%B1%D8%AE%D8%AF%D8%A7%D8%B1/,suitcase
48.jpg,dataset_images\48.jpg,https://torob.com/p/b436f15e-99a6-4b43-8243-b5e967789db4/karina-3-piece-imported-pp-luggage-set-with-lock/,suitcase
48.jpg,dataset_images\48.jpg,https://torob.com/p/b436f15e-99a6-4b43-8243-b5e967789db4/karina-3-piece-imported-pp-luggage-set-with-lock/,person
49.jpg,dataset_images\49.jpg,https://torob.com/p/aabe5e47-27e6-4355-9ca0-492975551425/%DA%A9%DB%8C%D9%81-%D8%AF%D9%88%D8%B4%DB%8C-%D8%B2%D9%86%D8%A7%D9%86%D9%87-%D8%B2%D8%A7%D8%B1%D8%A7-%D9%85%D8%AF%D9%84-1444-%DA%86%D8%B1%D9%85/,tie
49.jpg,dataset_images\49.jpg,https://torob.com/p/aabe5e47-27e6-4355-9ca0-492975551425/%DA%A9%DB%8C%D9%81-%D8%AF%D9%88%D8%B4%DB%8C-%D8%B2%D9%86%D8%A7%D9%86%D9%87-%D8%B2%D8%A7%D8%B1%D8%A7-%D9%85%D8%AF%D9%84-1444-%DA%86%D8%B1%D9%85/,person
49.jpg,dataset_images\49.jpg,https://torob.com/p/aabe5e47-27e6-4355-9ca0-492975551425/%DA%A9%DB%8C%D9%81-%D8%AF%D9%88%D8%B4%DB%8C-%D8%B2%D9%86%D8%A7%D9%86%D9%87-%D8%B2%D8%A7%D8%B1%D8%A7-%D9%85%D8%AF%D9%84-1444-%DA%86%D8%B1%D9%85/,backpack
50.jpg,dataset_images\50.jpg,https://torob.com/p/7ab57d01-bbee-49e4-ad8d-9ad43defc9b3/%DA%A9%DB%8C%D9%81-%D8%AF%D9%88%D8%B4%DB%8C-%DA%86%D8%B1%D9%85-%D9%85%D8%A7%D9%87%DA%AF%D9%84-%D8%B3%D9%87-%D8%B2%DB%8C%D9%BE/,suitcase
51.jpg,dataset_images\51.jpg,https://torob.com/p/b1148e4f-73a5-4d14-ada5-d265747e8145/%DA%A9%D9%88%D9%84%D9%87-%D9%BE%D8%B4%D8%AA%DB%8C-%D9%88%D8%A7%D8%B1%D8%AF%D8%A7%D8%AA%DB%8C-211/,toilet
52.jpg,dataset_images\52.jpg,https://torob.com/p/a21aca8b-0215-47fa-9f0f-e58682d51649/%DA%A9%D9%88%D9%84%D9%87-%D9%BE%D8%B4%D8%AA%DB%8C-%D9%85%D8%AF%D9%84-%D8%B2%D8%B1%DB%8C%D9%86l/,suitcase
52.jpg,dataset_images\52.jpg,https://torob.com/p/a21aca8b-0215-47fa-9f0f-e58682d51649/%DA%A9%D9%88%D9%84%D9%87-%D9%BE%D8%B4%D8%AA%DB%8C-%D9%85%D8%AF%D9%84-%D8%B2%D8%B1%DB%8C%D9%86l/,person
52.jpg,dataset_images\52.jpg,https://torob.com/p/a21aca8b-0215-47fa-9f0f-e58682d51649/%DA%A9%D9%88%D9%84%D9%87-%D9%BE%D8%B4%D8%AA%DB%8C-%D9%85%D8%AF%D9%84-%D8%B2%D8%B1%DB%8C%D9%86l/,person
53.jpg,dataset_images\53.jpg,https://torob.com/p/9e3a76c8-36a3-4bc2-82ec-66cbb795565f/%DA%A9%DB%8C%D9%81-%D9%BE%D9%88%D9%84-%D8%B2%D9%86%D8%A7%D9%86%D9%87-%D9%85%D8%AF%D9%84-%D8%A7%D8%B1%DB%8C%D8%A7%D9%86%D8%A7-%DA%A9%D8%AF-0172/,suitcase
53.jpg,dataset_images\53.jpg,https://torob.com/p/9e3a76c8-36a3-4bc2-82ec-66cbb795565f/%DA%A9%DB%8C%D9%81-%D9%BE%D9%88%D9%84-%D8%B2%D9%86%D8%A7%D9%86%D9%87-%D9%85%D8%AF%D9%84-%D8%A7%D8%B1%DB%8C%D8%A7%D9%86%D8%A7-%DA%A9%D8%AF-0172/,cell phone
53.jpg,dataset_images\53.jpg,https://torob.com/p/9e3a76c8-36a3-4bc2-82ec-66cbb795565f/%DA%A9%DB%8C%D9%81-%D9%BE%D9%88%D9%84-%D8%B2%D9%86%D8%A7%D9%86%D9%87-%D9%85%D8%AF%D9%84-%D8%A7%D8%B1%DB%8C%D8%A7%D9%86%D8%A7-%DA%A9%D8%AF-0172/,bed
54.jpg,dataset_images\54.jpg,https://torob.com/p/0dbd4ce8-fa62-49ee-b6d6-db316eafae62/%DA%A9%DB%8C%D9%81-%D9%BE%D9%88%D9%84-%D9%85%D9%87%D8%B3%D8%A7%D9%86-mahsan/,book
54.jpg,dataset_images\54.jpg,https://torob.com/p/0dbd4ce8-fa62-49ee-b6d6-db316eafae62/%DA%A9%DB%8C%D9%81-%D9%BE%D9%88%D9%84-%D9%85%D9%87%D8%B3%D8%A7%D9%86-mahsan/,suitcase
55.jpg,dataset_images\55.jpg,https://torob.com/p/3e50e6ad-da0e-44cb-a979-9b10c2b8bac7/%DA%A9%DB%8C%D9%81-%D8%A7%D8%B1%D8%A7%DB%8C%D8%B4%DB%8C-%D8%B6%D8%AF-%D8%A7%D8%A8-%D9%88%D8%A7%D8%B4-%D8%A8%DA%AF-%D8%B3%D8%A7%DB%8C%D8%B2-%D8%A8%D8%B2%D8%B1%DA%AF/,cell phone
56.jpg,dataset_images\56.jpg,https://torob.com/p/d73b366b-009a-4118-877e-4ed473d41f9c/%DA%A9%DB%8C%D9%81-%D8%A7%D8%B1%D8%A7%DB%8C%D8%B4%DB%8C-%D8%B7%D8%B1%D8%AD-%D8%AE%D8%A7%D9%86%D9%87-%D8%B1%D9%88%DB%8C%D8%A7%DB%8C%DB%8C-%D8%B3%D8%A7%DB%8C%D8%B2-%D8%A8%D8%B2%D8%B1%DA%AF/,suitcase
57.jpg,dataset_images\57.jpg,https://torob.com/p/06d201c2-22d3-4593-acc0-7a9a9378fdd1/%D8%B3%D8%A7%D8%B9%D8%AA-%D9%85%DA%86%DB%8C-%D8%AF%D8%AE%D8%AA%D8%B1%D8%A7%D9%86%D9%87-%D8%A8%D9%86%DA%AF%D9%84%DB%8C-%D9%85%D8%AF%D9%84-1339-%D8%A8%D9%86%D8%AF-%D8%A7%D8%B3%D8%AA%DB%8C%D9%84-%D8%B6%D8%AF-%D8%AD%D8%B3%D8%A7%D8%B3%DB%8C%D8%AA/,clock
57.jpg,dataset_images\57.jpg,https://torob.com/p/06d201c2-22d3-4593-acc0-7a9a9378fdd1/%D8%B3%D8%A7%D8%B9%D8%AA-%D9%85%DA%86%DB%8C-%D8%AF%D8%AE%D8%AA%D8%B1%D8%A7%D9%86%D9%87-%D8%A8%D9%86%DA%AF%D9%84%DB%8C-%D9%85%D8%AF%D9%84-1339-%D8%A8%D9%86%D8%AF-%D8%A7%D8%B3%D8%AA%DB%8C%D9%84-%D8%B6%D8%AF-%D8%AD%D8%B3%D8%A7%D8%B3%DB%8C%D8%AA/,motorcycle
58.jpg,dataset_images\58.jpg,https://torob.com/p/47dddec9-be90-4bea-9f22-3156b6c012c6/%D8%B3%D8%A7%D8%B9%D8%AA-%D8%B2%D9%86%D8%A7%D9%86%D9%87-%DA%A9%D8%A7%D8%B3%DB%8C%D9%88-%D8%A7%D9%88%D9%84%D8%AF%D9%85%D8%A7%D9%86%DB%8C/,clock
58.jpg,dataset_images\58.jpg,https://torob.com/p/47dddec9-be90-4bea-9f22-3156b6c012c6/%D8%B3%D8%A7%D8%B9%D8%AA-%D8%B2%D9%86%D8%A7%D9%86%D9%87-%DA%A9%D8%A7%D8%B3%DB%8C%D9%88-%D8%A7%D9%88%D9%84%D8%AF%D9%85%D8%A7%D9%86%DB%8C/,suitcase
59.jpg,dataset_images\59.jpg,https://torob.com/p/deafa641-e9ad-4335-85c4-1bacf71ee0a7/%D8%B3%D8%A7%D8%B9%D8%AA-%DB%8C%D9%88%D9%86%DB%8C%D8%B3%DA%A9%D8%B3-%DA%A9%D8%A7%D8%B3%DB%8C%D9%88-%D9%85%D8%AF%D9%84-f91w-1dg/,parking meter
5jpg.jpg,dataset_images\5jpg.jpg,No URL found,person
6.jpg,dataset_images\6.jpg,https://torob.com/p/bf456f27-1fb0-4a11-84a9-cfb1f125056b/%D9%87%D9%88%D8%AF%DB%8C-%D8%B2%D9%86%D8%A7%D9%86%D9%87-%D9%85%DB%8C%D9%88%D9%85%DB%8C%D9%88-%D9%85%D8%AF%D9%84-miumiu-%D8%B3%D8%A7%DB%8C%D8%B2-%D9%81%D8%B1%DB%8C-%D8%A8%D8%A7-%D8%A7%D8%B3%D8%AA%D8%B1-%DA%A9%D8%B1%DA%A9%DB%8C/,person
60.jpg,dataset_images\60.jpg,https://torob.com/p/abf49d32-7b8d-4be3-ab47-f11450ef64c9/%D8%B3%D8%A7%D8%B9%D8%AA-%D8%AC%DB%8C%D8%A8%DB%8C-%D9%86%D9%82%D8%B1%D9%87-%D8%A7%DB%8C/,clock
61.jpg,dataset_images\61.jpg,https://torob.com/p/cb2639ef-b3f1-478b-8eb0-d7669c1d7d25/%D8%B3%D8%A7%D8%B9%D8%AA-%D8%A8%D9%88%D9%84%D9%88%D9%86-%DA%86%D9%86%D8%AF-%D8%B6%D9%84%D8%B9%DB%8C/,clock
62.jpg,dataset_images\62.jpg,https://torob.com/p/85c93192-9b35-4608-99ba-a43b2e37da16/%D8%B9%DB%8C%D9%86%DA%A9-%D8%A7%D9%81%D8%AA%D8%A7%D8%A8%DB%8C-%D8%B2%D9%86%D8%A7%D9%86%D9%87-%DA%AF%D9%88%DA%86%DB%8C-%D9%85%D8%AF%D9%84-6002-%D9%BE%D9%84%D8%A7%D8%B1%DB%8C%D8%B2%D9%87/,unknown
63.jpg,dataset_images\63.jpg,https://torob.com/p/85c93192-9b35-4608-99ba-a43b2e37da16/%D8%B9%DB%8C%D9%86%DA%A9-%D8%A7%D9%81%D8%AA%D8%A7%D8%A8%DB%8C-%D8%B2%D9%86%D8%A7%D9%86%D9%87-%DA%AF%D9%88%DA%86%DB%8C-%D9%85%D8%AF%D9%84-6002-%D9%BE%D9%84%D8%A7%D8%B1%DB%8C%D8%B2%D9%87/,scissors
63.jpg,dataset_images\63.jpg,https://torob.com/p/85c93192-9b35-4608-99ba-a43b2e37da16/%D8%B9%DB%8C%D9%86%DA%A9-%D8%A7%D9%81%D8%AA%D8%A7%D8%A8%DB%8C-%D8%B2%D9%86%D8%A7%D9%86%D9%87-%DA%AF%D9%88%DA%86%DB%8C-%D9%85%D8%AF%D9%84-6002-%D9%BE%D9%84%D8%A7%D8%B1%DB%8C%D8%B2%D9%87/,tv
64.jpg,dataset_images\64.jpg,https://torob.com/p/7eb1824e-bc07-4fa1-b824-01fd38942b11/%D8%B9%DB%8C%D9%86%DA%A9-%D8%A7%D9%81%D8%AA%D8%A7%D8%A8%DB%8C-%D9%85%D8%B1%D8%AF%D8%A7%D9%86%D9%87-%D8%A7%D9%88%D8%B1%D8%AC%DB%8C%D9%86%D8%A7%D9%84-%D8%A8%D8%B1%D9%86%D8%AF-%D8%B1%DB%8C-%D8%A8%D9%86-%D9%85%D8%AF%D9%84-rb-2140f-wayfarer/,scissors
65.jpg,dataset_images\65.jpg,https://torob.com/p/85c93192-9b35-4608-99ba-a43b2e37da16/%D8%B9%DB%8C%D9%86%DA%A9-%D8%A7%D9%81%D8%AA%D8%A7%D8%A8%DB%8C-%D8%B2%D9%86%D8%A7%D9%86%D9%87-%DA%AF%D9%88%DA%86%DB%8C-%D9%85%D8%AF%D9%84-6002-%D9%BE%D9%84%D8%A7%D8%B1%DB%8C%D8%B2%D9%87/,scissors
65.jpg,dataset_images\65.jpg,https://torob.com/p/85c93192-9b35-4608-99ba-a43b2e37da16/%D8%B9%DB%8C%D9%86%DA%A9-%D8%A7%D9%81%D8%AA%D8%A7%D8%A8%DB%8C-%D8%B2%D9%86%D8%A7%D9%86%D9%87-%DA%AF%D9%88%DA%86%DB%8C-%D9%85%D8%AF%D9%84-6002-%D9%BE%D9%84%D8%A7%D8%B1%DB%8C%D8%B2%D9%87/,scissors
66.jpg,dataset_images\66.jpg,https://torob.com/p/a042281f-ce8c-425e-905a-119af5d9f129/%D8%B9%DB%8C%D9%86%DA%A9-%D8%B7%D8%A8%DB%8C-%D8%A8%D9%84%D9%88%DA%A9%D8%A7%D8%AA-%D8%B3%D9%84%DB%8C%D9%86-%D9%85%D8%AF%D9%84-1735-%D9%81%D8%B1%DB%8C%D9%85-%D8%B3%D8%A8%D8%B2-%D9%88-%D8%B4%DB%8C%D8%B4%D9%87-%D9%85%D8%B4%DA%A9%DB%8C/,scissors
67.jpg,dataset_images\67.jpg,https://torob.com/p/213e5a42-e3ff-404c-bd93-7db5ede2e05d/%D8%B9%D8%B7%D8%B1-%D8%A7%D8%AF%D9%88%D9%BE%D8%B1%D9%81%DB%8C%D9%88%D9%85-%D9%85%D8%B1%D8%AF%D8%A7%D9%86%D9%87-%D9%84%D9%88%D8%B2%DB%8C-%D9%85%D8%AF%D9%84-100-%D9%85%DB%8C%D9%84%DB%8C-%D9%84%DB%8C%D8%AA%D8%B1-%D8%B4%DB%8C%D8%B1%DB%8C%D9%86/,bottle
68.jpg,dataset_images\68.jpg,https://torob.com/p/d4765ca9-8431-41f7-8a88-d6416b73f231/%D8%B9%D8%B7%D8%B1-%D8%A7%D8%AF%D9%88%D9%BE%D8%B1%D9%81%DB%8C%D9%88%D9%85-%D8%B2%D9%86%D8%A7%D9%86%D9%87-%D9%85%D8%A7%DB%8C-%D8%AC%D9%88%D8%B1%D8%AC%DB%8C%D9%88-%D8%A7%D8%B1%D9%85%D8%A7%D9%86%DB%8C-%D9%85%D8%AF%D9%84-my-way-%D8%AD%D8%AC%D9%85-90-%D9%85%DB%8C%D9%84/,mouse
69.jpg,dataset_images\69.jpg,https://torob.com/p/6bda65f4-b053-4aaa-885b-26563cedcd06/%D8%A7%D8%AF%D9%88-%D9%BE%D8%B1%D9%81%DB%8C%D9%88%D9%85-%D9%85%D8%B1%D8%AF%D8%A7%D9%86%D9%87-%D8%A7%D8%B3%DA%A9%D9%84%D8%A7%D8%B1%D9%87-%D9%85%D8%AF%D9%84-bleu-de-chanel-%D8%AD%D8%AC%D9%85-100-%D9%85%DB%8C%D9%84%DB%8C-%D9%84%DB%8C%D8%AA%D8%B1/,unknown
7.jpg,dataset_images\7.jpg,https://torob.com/p/1c862fde-2b7e-4b20-9c0b-ed3b99071b7e/%D9%87%D9%88%D8%AF%DB%8C-%D8%B2%D9%86%D8%A7%D9%86%D9%87-%DA%86%D8%B1%DB%8C-%D9%81%D8%B1%DB%8C-%D8%B3%D8%A7%DB%8C%D8%B2-36-%D8%AA%D8%A7-44-%D8%B1%D9%86%DA%AF-%D8%B3%D9%81%DB%8C%D8%AF-%D9%88-%D9%85%D8%B4%DA%A9%DB%8C/,cup
7.jpg,dataset_images\7.jpg,https://torob.com/p/1c862fde-2b7e-4b20-9c0b-ed3b99071b7e/%D9%87%D9%88%D8%AF%DB%8C-%D8%B2%D9%86%D8%A7%D9%86%D9%87-%DA%86%D8%B1%DB%8C-%D9%81%D8%B1%DB%8C-%D8%B3%D8%A7%DB%8C%D8%B2-36-%D8%AA%D8%A7-44-%D8%B1%D9%86%DA%AF-%D8%B3%D9%81%DB%8C%D8%AF-%D9%88-%D9%85%D8%B4%DA%A9%DB%8C/,book
7.jpg,dataset_images\7.jpg,https://torob.com/p/1c862fde-2b7e-4b20-9c0b-ed3b99071b7e/%D9%87%D9%88%D8%AF%DB%8C-%D8%B2%D9%86%D8%A7%D9%86%D9%87-%DA%86%D8%B1%DB%8C-%D9%81%D8%B1%DB%8C-%D8%B3%D8%A7%DB%8C%D8%B2-36-%D8%AA%D8%A7-44-%D8%B1%D9%86%DA%AF-%D8%B3%D9%81%DB%8C%D8%AF-%D9%88-%D9%85%D8%B4%DA%A9%DB%8C/,cake
7.jpg,dataset_images\7.jpg,https://torob.com/p/1c862fde-2b7e-4b20-9c0b-ed3b99071b7e/%D9%87%D9%88%D8%AF%DB%8C-%D8%B2%D9%86%D8%A7%D9%86%D9%87-%DA%86%D8%B1%DB%8C-%D9%81%D8%B1%DB%8C-%D8%B3%D8%A7%DB%8C%D8%B2-36-%D8%AA%D8%A7-44-%D8%B1%D9%86%DA%AF-%D8%B3%D9%81%DB%8C%D8%AF-%D9%88-%D9%85%D8%B4%DA%A9%DB%8C/,book
7.jpg,dataset_images\7.jpg,https://torob.com/p/1c862fde-2b7e-4b20-9c0b-ed3b99071b7e/%D9%87%D9%88%D8%AF%DB%8C-%D8%B2%D9%86%D8%A7%D9%86%D9%87-%DA%86%D8%B1%DB%8C-%D9%81%D8%B1%DB%8C-%D8%B3%D8%A7%DB%8C%D8%B2-36-%D8%AA%D8%A7-44-%D8%B1%D9%86%DA%AF-%D8%B3%D9%81%DB%8C%D8%AF-%D9%88-%D9%85%D8%B4%DA%A9%DB%8C/,book
70.jpg,dataset_images\70.jpg,https://torob.com/p/be84f4b7-307c-414b-b45a-4294cf7e8b8e/%D8%A7%D8%B3%D9%BE%D8%B1%DB%8C-%D8%B6%D8%AF-%D8%AA%D8%B9%D8%B1%DB%8C%D9%82-%D8%B2%D9%86%D8%A7%D9%86%D9%87-%D8%AF%D8%A7%D9%88-%D9%85%D8%AF%D9%84-sensitive-%D8%AD%D8%AC%D9%85-200-%D9%85%DB%8C%D9%84%DB%8C-%D9%84%DB%8C%D8%AA%D8%B1-48-%D8%B3%D8%A7%D8%B9%D8%AA%D9%87/,skateboard
70.jpg,dataset_images\70.jpg,https://torob.com/p/be84f4b7-307c-414b-b45a-4294cf7e8b8e/%D8%A7%D8%B3%D9%BE%D8%B1%DB%8C-%D8%B6%D8%AF-%D8%AA%D8%B9%D8%B1%DB%8C%D9%82-%D8%B2%D9%86%D8%A7%D9%86%D9%87-%D8%AF%D8%A7%D9%88-%D9%85%D8%AF%D9%84-sensitive-%D8%AD%D8%AC%D9%85-200-%D9%85%DB%8C%D9%84%DB%8C-%D9%84%DB%8C%D8%AA%D8%B1-48-%D8%B3%D8%A7%D8%B9%D8%AA%D9%87/,bottle
71.jpg,dataset_images\71.jpg,https://torob.com/p/caf0b98d-9303-4608-b01e-cc2245156877/%D9%88%D8%B2%DA%AF%DB%8C%D8%B1-%D9%85%D9%88-%D8%A7%D8%B3%D8%AA%DB%8C%DA%A9%DB%8C-%D8%AD%D8%AC%D9%85-75-%DA%AF%D8%B1%D9%85/,unknown
72.jpg,dataset_images\72.jpg,https://torob.com/p/10730ac4-1ba8-41fc-8711-e2cc90330bda/%D8%B4%D8%A7%D9%85%D9%BE%D9%88-%D9%85%D8%AE%D8%B5%D9%88%D8%B5-%D9%85%D9%88%D9%87%D8%A7%DB%8C-%DA%86%D8%B1%D8%A8-%D8%AD%D8%AC%D9%85-300-%D9%85%DB%8C%D9%84-%D8%AD%D8%A7%D9%88%DB%8C-%D9%87%DB%8C%D8%A7%D9%84%D9%88%D8%B1%D9%88%D9%86%DB%8C%DA%A9/,stop sign
73.jpg,dataset_images\73.jpg,https://torob.com/p/d63a881d-bfe8-49ed-827e-b966e9e09ed8/%D9%85%D8%A7%D8%B3%DA%A9-%D9%85%D9%88%DB%8C-%D9%81%D8%B1-%D8%A7%D8%B3%DA%A9%D8%A7%D9%84%D8%A7-%D9%85%D8%AF%D9%84-mais-cachos-%D8%A8%D8%A7-%D8%AD%D8%AC%D9%85-1000-%D9%85%DB%8C%D9%84%DB%8C-%D9%84%DB%8C%D8%AA%D8%B1/,person
74.jpg,dataset_images\74.jpg,https://torob.com/p/046b30bf-a230-47dd-a5b5-50cb22520396/%D8%B4%D8%A7%D9%85%D9%BE%D9%88-%D9%81%D9%88%D9%84%DB%8C%DA%A9%D8%A7-%D8%B6%D8%AF-%D8%B1%DB%8C%D8%B2%D8%B4-%D9%88-%D8%AA%D9%82%D9%88%DB%8C%D8%AA-%DA%A9%D9%86%D9%86%D8%AF%D9%87-%D8%AD%D8%AC%D9%85-200-%D9%85%DB%8C%D9%84%DB%8C-%D9%84%DB%8C%D8%AA%D8%B1/,unknown
75.jpg,dataset_images\75.jpg,https://torob.com/p/d2ae0091-ad05-40ac-9a30-f147f2167cf7/%D8%A8%D8%B1%D8%B3-%D8%AD%D8%B1%D8%A7%D8%B1%D8%AA%DB%8C-%D8%A7%D9%86%D8%B2%D9%88-%D9%BE%D8%B1%D9%88%D9%81%DB%8C%D8%B4%DB%8C%D9%86%D8%A7%D9%84-%D9%85%D8%AF%D9%84-en-4002-%D8%A7%D8%B5%D9%84/,scissors
75.jpg,dataset_images\75.jpg,https://torob.com/p/d2ae0091-ad05-40ac-9a30-f147f2167cf7/%D8%A8%D8%B1%D8%B3-%D8%AD%D8%B1%D8%A7%D8%B1%D8%AA%DB%8C-%D8%A7%D9%86%D8%B2%D9%88-%D9%BE%D8%B1%D9%88%D9%81%DB%8C%D8%B4%DB%8C%D9%86%D8%A7%D9%84-%D9%85%D8%AF%D9%84-en-4002-%D8%A7%D8%B5%D9%84/,scissors
76.jpg,dataset_images\76.jpg,https://torob.com/p/85e4001d-0812-4743-8bcc-43e7407db15d/%D8%AD%D8%A7%D9%84%D8%AA-%D8%AF%D9%87%D9%86%D8%AF%D9%87-%D9%85%D9%88-%D8%B4%DB%8C%DA%AF%D9%84%D9%85-cool-lock-airflow-pro-%D8%B3%D8%A7%DB%8C%D8%B2-25-%D9%85%DB%8C%D9%84%DB%8C-%D9%85%D8%AA%D8%B1/,vase
76.jpg,dataset_images\76.jpg,https://torob.com/p/85e4001d-0812-4743-8bcc-43e7407db15d/%D8%AD%D8%A7%D9%84%D8%AA-%D8%AF%D9%87%D9%86%D8%AF%D9%87-%D9%85%D9%88-%D8%B4%DB%8C%DA%AF%D9%84%D9%85-cool-lock-airflow-pro-%D8%B3%D8%A7%DB%8C%D8%B2-25-%D9%85%DB%8C%D9%84%DB%8C-%D9%85%D8%AA%D8%B1/,scissors
77.jpg,dataset_images\77.jpg,https://torob.com/p/6716774e-2c85-451a-95ed-6a023b833b39/%D8%B3%D8%B4%D9%88%D8%A7%D8%B1-%D9%81%DB%8C%D9%84%DB%8C%D9%BE%D8%B3-9000-%D9%88%D8%A7%D8%AA-%D9%85%D8%AF%D9%84-ph-1014-%D9%85%D9%88%D8%AA%D9%88%D8%B1-%D8%B3%D9%86%DA%AF%DB%8C%D9%86/,car
78.jpg,dataset_images\78.jpg,http://torob.com/p/2f2cc7fb-2549-46d8-bf29-cbc0a8d01f51/%D8%A8%D8%B1%D8%B3-%D8%AD%D8%B1%D8%A7%D8%B1%D8%AA%DB%8C-%D9%81%DB%8C%D9%84%DB%8C%D9%BE%D8%B3-%D9%85%D8%AF%D9%84-bhh880/,scissors
79.jpg,dataset_images\79.jpg,https://torob.com/p/72c1a390-21b2-4f22-8cad-78c896547f8f/%D9%81%D9%84%D9%88%DB%8C%DB%8C%D8%AF-%D8%B6%D8%AF%D8%A7%D9%81%D8%AA%D8%A7%D8%A8-%D9%85%D8%A7%DB%8C-%D9%81%D8%A7%D9%82%D8%AF-%DA%86%D8%B1%D8%A8%DB%8C-%D8%A8%DB%8C-%D8%B1%D9%86%DA%AF-50-%D9%85%DB%8C%D9%84/,unknown
8.jpg,dataset_images\8.jpg,https://torob.com/p/4469f694-a292-49d6-a6a6-e84d25319ecd/%D8%A8%D8%A7%D9%81%D8%AA-%D8%AC%D9%84%D9%88-%D8%AF%DA%A9%D9%85%D9%87-%DA%AF%D8%B1%D9%85-%D8%A8%D8%A7%D9%84%D8%A7/,tie
80.jpg,dataset_images\80.jpg,https://torob.com/p/6fd3bbd0-e787-4e98-842b-8f6d40e9269e/%DA%A9%D8%B1%D9%85-%D8%B6%D8%AF-%D8%A7%D9%81%D8%AA%D8%A7%D8%A8-%D9%BE%DB%8C%DA%A9%D8%B3%D9%84-%D9%BE%D9%88%D8%B3%D8%AA-%DA%86%D8%B1%D8%A8-%D9%88-%D9%85%D8%AE%D8%AA%D9%84%D8%B7-%D8%A8%DB%8C-%D8%B1%D9%86%DA%AF-spf50/,unknown
81.jpg,dataset_images\81.jpg,https://torob.com/p/e961379a-f5fd-42e3-832a-10b9c1faa7f7/%D8%A7%D8%B3%D9%BE%D8%B1%DB%8C-%D8%B6%D8%AF-%D8%A7%D9%81%D8%AA%D8%A7%D8%A8-%D9%87%D8%A7%DB%8C%D9%85%D8%B2-spf-30-%D8%AD%D8%AC%D9%85-150-%D9%85%DB%8C%D9%84-%D8%A8%D8%A7-%D8%B9%D8%B5%D8%A7%D8%B1%D9%87-%D8%A7%D9%86%D8%A7%D8%B1-%D9%85%D9%86%D8%A7%D8%B3%D8%A8-%D8%A7%D9%86%D9%88%D8%A7%D8%B9-%D9%BE%D9%88%D8%B3%D8%AA/,unknown
82.jpg,dataset_images\82.jpg,https://torob.com/p/f69ebeae-fcec-4990-b2df-f5ce6d7943eb/%D8%B3%D8%B1%D9%85-%D9%87%DB%8C%D8%A7%D9%84%D9%88%D8%B1%D9%88%D9%86%DB%8C%DA%A9-%D8%A7%D8%B3%DB%8C%D8%AF-%D9%88%DB%8C%D8%AA%D8%A7%D9%84%DB%8C%D8%B1-30-%D9%85%DB%8C%D9%84/,unknown
83.jpg,dataset_images\83.jpg,https://torob.com/p/100e851c-0aac-40b9-a940-a704135537ae/%DA%A9%D8%B1%D9%85-%D9%85%D8%B1%D8%B7%D9%88%D8%A8-%DA%A9%D9%86%D9%86%D8%AF%D9%87-%D9%88%DB%8C%D8%AA%D8%A7%D9%84%DB%8C%D8%B1-%D9%85%D8%AF%D9%84-hydravit-%D8%AD%D8%AC%D9%85-100-%D9%85%DB%8C%D9%84%DB%8C-%D9%84%DB%8C%D8%AA%D8%B1-%D9%85%D9%86%D8%A7%D8%B3%D8%A8-%D9%BE%D9%88%D8%B3%D8%AA-%D8%AE%D8%B4%DA%A9-%D8%A8%D8%A7-%D8%B1%D8%A7%DB%8C%D8%AD%D9%87-%D8%A7%D9%84%D9%88%DB%8C%D9%87-%D9%88%D8%B1%D8%A7/,remote
84.jpg,dataset_images\84.jpg,https://torob.com/p/af4f404c-b886-4280-aead-157c2573bd79/%D8%B1%DA%98%D9%84%D8%A8-%D9%85%D8%A7%DB%8C%D8%B9-%D8%AD%D8%AC%D9%85-%D8%AF%D9%87%D9%86%D8%AF%D9%87-%DA%AF%D9%84%D8%AF%D9%86-%D9%85%D8%AF%D9%84-203-%D8%AD%D8%AC%D9%85-47-%D9%85%DB%8C%D9%84%DB%8C-%D9%84%DB%8C%D8%AA%D8%B1/,unknown
85.jpg,dataset_images\85.jpg,https://torob.com/p/53b36f64-1202-4806-8e42-414443005242/%D8%AA%DB%8C%D9%86%D8%AA-%D9%84%D8%A8/,unknown
86.jpg,dataset_images\86.jpg,https://torob.com/p/97af12b9-534f-452a-a725-ad578dc83f28/%D8%A8%D8%A7%D9%84%D9%85-%D9%84%D8%A8-%DA%AF%D9%84-%D8%B1%D8%B2-%DA%A9%D8%A7%D8%B3%D9%87-%D8%A7%DB%8C-%D8%AD%D8%AC%D9%85-20-%D9%85%DB%8C%D9%84%DB%8C-%D9%84%DB%8C%D8%AA%D8%B1/,cup
87.jpg,dataset_images\87.jpg,https://torob.com/p/65f44d20-55d5-488a-8af4-fe31ccf46e07/%D8%A8%D8%A7%D9%84%D9%85-%D9%84%D8%A8-%D9%85%D8%B1%D8%B7%D9%88%D8%A8-%DA%A9%D9%86%D9%86%D8%AF%D9%87-%D9%87%DB%8C%D8%AF%D8%B1%D9%88%D8%AF%D8%B1%D9%85-%D8%B7%D8%B9%D9%85-%D8%B4%D8%A7%D8%AA%D9%88%D8%AA-%D8%AD%D8%AC%D9%85-45-%D9%85%DB%8C%D9%84%DB%8C-%D9%84%DB%8C%D8%AA%D8%B1/,stop sign
88.jpg,dataset_images\88.jpg,https://torob.com/p/5d08854d-7734-41b4-b7fb-713a77608cd1/%D8%AE%D8%B7-%DA%86%D8%B4%D9%85-%D9%85%D8%A7%DB%8C-%D9%85%D8%A7%DA%98%DB%8C%DA%A9%DB%8C-45-%D9%85%DB%8C%D9%84/,unknown
89.jpg,dataset_images\89.jpg,https://torob.com/p/c29816c9-ea9a-4333-aecf-2887d143b72f/%D9%BE%D8%A7%D9%84%D8%AA-%D8%B3%D8%A7%DB%8C%D9%87-9-%D8%B1%D9%86%DA%AF-%D9%87%D8%AF%DB%8C-%D9%85%D9%88%D8%AC%DB%8C/,person
89.jpg,dataset_images\89.jpg,https://torob.com/p/c29816c9-ea9a-4333-aecf-2887d143b72f/%D9%BE%D8%A7%D9%84%D8%AA-%D8%B3%D8%A7%DB%8C%D9%87-9-%D8%B1%D9%86%DA%AF-%D9%87%D8%AF%DB%8C-%D9%85%D9%88%D8%AC%DB%8C/,person
89.jpg,dataset_images\89.jpg,https://torob.com/p/c29816c9-ea9a-4333-aecf-2887d143b72f/%D9%BE%D8%A7%D9%84%D8%AA-%D8%B3%D8%A7%DB%8C%D9%87-9-%D8%B1%D9%86%DA%AF-%D9%87%D8%AF%DB%8C-%D9%85%D9%88%D8%AC%DB%8C/,person
89.jpg,dataset_images\89.jpg,https://torob.com/p/c29816c9-ea9a-4333-aecf-2887d143b72f/%D9%BE%D8%A7%D9%84%D8%AA-%D8%B3%D8%A7%DB%8C%D9%87-9-%D8%B1%D9%86%DA%AF-%D9%87%D8%AF%DB%8C-%D9%85%D9%88%D8%AC%DB%8C/,person
89.jpg,dataset_images\89.jpg,https://torob.com/p/c29816c9-ea9a-4333-aecf-2887d143b72f/%D9%BE%D8%A7%D9%84%D8%AA-%D8%B3%D8%A7%DB%8C%D9%87-9-%D8%B1%D9%86%DA%AF-%D9%87%D8%AF%DB%8C-%D9%85%D9%88%D8%AC%DB%8C/,person
9.jpg,dataset_images\9.jpg,https://torob.com/p/cc856465-aac8-4f6c-96a7-3b63fa5dbcd9/%D8%A8%D9%84%D9%88%D8%B2-%D8%A8%D8%A7%D9%81%D8%AA-%D8%B1%D8%A7%D9%87-%D8%B1%D8%A7%D9%87-%D8%B2%D9%86%D8%A7%D9%86%D9%87-%DB%8C%D9%82%D9%87-%D8%A7%D8%B3%DA%A9%DB%8C-%D8%B3%D8%A7%DB%8C%D8%B2-%D8%A8%D8%B2%D8%B1%DA%AF/,person
9.jpg,dataset_images\9.jpg,https://torob.com/p/cc856465-aac8-4f6c-96a7-3b63fa5dbcd9/%D8%A8%D9%84%D9%88%D8%B2-%D8%A8%D8%A7%D9%81%D8%AA-%D8%B1%D8%A7%D9%87-%D8%B1%D8%A7%D9%87-%D8%B2%D9%86%D8%A7%D9%86%D9%87-%DB%8C%D9%82%D9%87-%D8%A7%D8%B3%DA%A9%DB%8C-%D8%B3%D8%A7%DB%8C%D8%B2-%D8%A8%D8%B2%D8%B1%DA%AF/,handbag
90.jpg,dataset_images\90.jpg,https://torob.com/p/5e025148-c633-426b-8f39-ccdf23be346d/%D8%B1%DB%8C%D9%85%D9%84-%DA%86%D8%B4%D9%85-%D8%AD%D8%AC%D9%85-%D8%AF%D9%87%D9%86%D8%AF%D9%87-%D8%A7%D8%B1%D8%AA-%D8%A7%D8%B3%DA%A9%DB%8C%D9%86-%D9%85%D8%AF%D9%84-big-bold-14-%D9%85%DB%8C%D9%84%DB%8C-%D9%84%DB%8C%D8%AA%D8%B1/,unknown
91.jpg,dataset_images\91.jpg,https://torob.com/p/7f46806d-f0f1-43d2-afa2-d515eae2762e/%DA%A9%D8%B1%D9%85-%D9%BE%D9%88%D8%AF%D8%B1-%D9%86%DA%86%D8%B1%D8%A7%D9%84-%D8%B1%DB%8C%D8%AF%DB%8C%D9%86%D8%AA-%D9%84%D8%A7%D9%86%DA%AF-%D9%88%D8%B1-30-%D9%85%DB%8C%D9%84%DB%8C-%D9%84%DB%8C%D8%AA%D8%B1/,stop sign
92.jpg,dataset_images\92.jpg,https://torob.com/p/54156501-ab09-4d8f-be64-c567e02a72ed/%D9%BE%D8%B1%D8%A7%DB%8C%D9%85%D8%B1-%D9%BE%D8%A7%D9%88%D8%B1-%DA%AF%D8%B1%DB%8C%D9%BE-elf-%D8%AD%D8%AC%D9%85-24-%D9%85%DB%8C%D9%84%DB%8C-%D9%84%DB%8C%D8%AA%D8%B1-%D8%A8%D8%A7-%D9%85%D8%A7%D9%86%D8%AF%DA%AF%D8%A7%D8%B1%DB%8C-%D8%A8%D8%A7%D9%84%D8%A7-%D9%88-%D8%A7%D8%A8%D8%B1%D8%B3%D8%A7%D9%86%DB%8C-%D8%B9%D9%85%DB%8C%D9%82/,parking meter
93.jpg,dataset_images\93.jpg,https://torob.com/p/1b096ab0-1d1f-451a-8262-fbd54bab7e8c/%DA%A9%D8%A7%D9%86%D8%B3%DB%8C%D9%84%D8%B1-%DA%A9%D8%A7%D9%84%DB%8C%D8%B3%D8%AA%D8%A7-%DA%A9%D8%A7%D9%88%D8%B1-%D8%A7%D9%BE-%D8%AF%D8%B1-%DA%86%D9%86%D8%AF-%D8%B1%D9%86%DA%AF/,remote
94.jpg,dataset_images\94.jpg,https://torob.com/p/0a938c5e-bcee-471c-ab16-29c9780d5f03/%D8%AF%D8%B1%D8%A7%D9%BE-%D9%87%D8%A7%DB%8C%D9%84%D8%A7%DB%8C%D8%AA%D8%B1-%D9%85%D8%A7%DB%8C%D8%B9-%D9%86%D9%88%D8%AA-%D8%B4%D9%85%D8%A7%D8%B1%D9%87-01-%D8%AD%D8%AC%D9%85-14-%D9%85%DB%8C%D9%84%DB%8C-%D9%84%DB%8C%D8%AA%D8%B1/,scissors
94.jpg,dataset_images\94.jpg,https://torob.com/p/0a938c5e-bcee-471c-ab16-29c9780d5f03/%D8%AF%D8%B1%D8%A7%D9%BE-%D9%87%D8%A7%DB%8C%D9%84%D8%A7%DB%8C%D8%AA%D8%B1-%D9%85%D8%A7%DB%8C%D8%B9-%D9%86%D9%88%D8%AA-%D8%B4%D9%85%D8%A7%D8%B1%D9%87-01-%D8%AD%D8%AC%D9%85-14-%D9%85%DB%8C%D9%84%DB%8C-%D9%84%DB%8C%D8%AA%D8%B1/,bottle
94.jpg,dataset_images\94.jpg,https://torob.com/p/0a938c5e-bcee-471c-ab16-29c9780d5f03/%D8%AF%D8%B1%D8%A7%D9%BE-%D9%87%D8%A7%DB%8C%D9%84%D8%A7%DB%8C%D8%AA%D8%B1-%D9%85%D8%A7%DB%8C%D8%B9-%D9%86%D9%88%D8%AA-%D8%B4%D9%85%D8%A7%D8%B1%D9%87-01-%D8%AD%D8%AC%D9%85-14-%D9%85%DB%8C%D9%84%DB%8C-%D9%84%DB%8C%D8%AA%D8%B1/,toothbrush
95.jpg,dataset_images\95.jpg,https://torob.com/p/eac78291-ffb0-4b10-940a-fc649180f487/%DA%A9%D8%B1%D9%85-%D9%BE%D9%88%D8%AF%D8%B1-%D8%A7%D8%A8%D8%B1%D8%B3%D8%A7%D9%86-%D9%88%DB%8C%D9%88%D9%86%D8%A7-%D9%85%D8%AF%D9%84-skinfinite-hydrating-%D8%AD%D8%AC%D9%85-30-%D9%85%DB%8C%D9%84%DB%8C-%D9%84%DB%8C%D8%AA%D8%B1-%D8%A8%D8%A7-%D9%85%D8%A7%D9%86%D8%AF%DA%AF%D8%A7%D8%B1%DB%8C-12-%D8%B3%D8%A7%D8%B9%D8%AA/,bottle
96.jpg,dataset_images\96.jpg,https://torob.com/p/41f7f7b0-96f9-4ede-a269-928c1051c4ae/%D8%B1%DA%98%DA%AF%D9%88%D9%86%D9%87-%D9%BE%D8%A7%D8%AA%D8%B1%DB%8C%DA%A9-%D8%AA%D8%A7-%D9%85%D8%AF%D9%84-she-s-a-doll-%D9%BE%D8%A7%D9%84%D8%AA-%D8%AF%D9%88-%D8%B9%D8%AF%D8%AF%DB%8C-%D8%A8%D8%A7-%D9%85%D8%A7%D9%86%D8%AF%DA%AF%D8%A7%D8%B1%DB%8C-12-%D8%B3%D8%A7%D8%B9%D8%AA/,unknown
97.jpg,dataset_images\97.jpg,https://torob.com/p/ddf1e6c8-525d-48bb-82fe-c9082e10f774/%D9%BE%D8%A7%D9%84%D8%AA-%DA%A9%D8%A7%D9%86%D8%AA%D9%88%D8%B1-%D9%88-%D9%87%D8%A7%DB%8C%D9%84%D8%A7%DB%8C%D8%AA%D8%B1-%D9%81%D9%88%D8%B1%D8%A7%D9%88%D8%B1-52-%D9%85%D8%AF%D9%84-fhc001-%D8%AD%D8%AC%D9%85-21-%D9%85%DB%8C%D9%84%DB%8C-%D9%84%DB%8C%D8%AA%D8%B1/,oven
98.jpg,dataset_images\98.jpg,https://torob.com/p/c4d0317b-c5fb-4308-8423-b50c28e51f24/%D8%B3%D8%AA-%D8%A8%D8%B1%D8%A7%D8%B4-%D8%A7%D8%B1%D8%A7%DB%8C%D8%B4%DB%8C-13-%D8%B9%D8%AF%D8%AF%DB%8C-%D9%85%D8%AF%D9%84-all-in-one-%D8%A8%D8%A7-%DA%A9%DB%8C%D9%81/,person
98.jpg,dataset_images\98.jpg,https://torob.com/p/c4d0317b-c5fb-4308-8423-b50c28e51f24/%D8%B3%D8%AA-%D8%A8%D8%B1%D8%A7%D8%B4-%D8%A7%D8%B1%D8%A7%DB%8C%D8%B4%DB%8C-13-%D8%B9%D8%AF%D8%AF%DB%8C-%D9%85%D8%AF%D9%84-all-in-one-%D8%A8%D8%A7-%DA%A9%DB%8C%D9%81/,toothbrush
98.jpg,dataset_images\98.jpg,https://torob.com/p/c4d0317b-c5fb-4308-8423-b50c28e51f24/%D8%B3%D8%AA-%D8%A8%D8%B1%D8%A7%D8%B4-%D8%A7%D8%B1%D8%A7%DB%8C%D8%B4%DB%8C-13-%D8%B9%D8%AF%D8%AF%DB%8C-%D9%85%D8%AF%D9%84-all-in-one-%D8%A8%D8%A7-%DA%A9%DB%8C%D9%81/,scissors
99.jpg,dataset_images\99.jpg,https://torob.com/p/4c873f10-d06a-44cc-847f-b4a41d8111d0/%D8%B5%D8%A7%D8%A8%D9%88%D9%86-%D8%AF%D8%A7%D9%88-%D9%85%D8%AF%D9%84-beauty-cream-bar-%D9%88%D8%B2%D9%86-100-%DA%AF%D8%B1%D9%85/,unknown
